SITE,DATE,Replicate,Dry_to_wet_ratio,Percent_carbon,Percent_nitrogen,Percent_hydrogen
MOHK,2002-04-04,1,-99999,-99999,-99999,-99999
MOHK,2002-04-04,2,-99999,-99999,-99999,-99999
MOHK,2002-05-07,1,0.09,23.34,2.91,3.38
MOHK,2002-05-07,2,0.09,21.8,2.69,3.02
ABUR,2002-05-10,1,-99999,21.81,2.69,3.17
ABUR,2002-05-10,2,-99999,20.25,2.42,2.74
AQUE,2002-05-15,1,0.1,24.77,3.73,3.58
AQUE,2002-05-15,2,0.1,23.38,3.46,3.38
MOHK,2002-06-10,1,0.1,24.97,1.79,3.64
MOHK,2002-06-10,2,0.1,23.29,1.77,3.16
ABUR,2002-06-12,1,0.09,34.28,3.22,5.04
ABUR,2002-06-12,2,0.09,32.27,2.81,4.38
AQUE,2002-06-13,1,0.08,37.11,4.28,5.26
AQUE,2002-06-13,2,0.08,35.27,4.09,4.65
MOHK,2002-07-10,1,0.1,27.79,2.51,4.05
MOHK,2002-07-10,2,0.1,27.82,2.47,4.06
AQUE,2002-07-11,1,0.09,32.34,1.07,4.9
AQUE,2002-07-11,2,0.09,32.28,1.06,4.93
ABUR,2002-07-12,1,0.1,31.66,2.23,5.04
ABUR,2002-07-12,2,0.1,30.68,2.02,4.52
AQUE,2002-08-07,1,0.07,24.78,1.94,3.49
AQUE,2002-08-07,2,0.07,24.12,1.83,3.1
MOHK,2002-08-08,1,0.09,25.32,2.07,3.32
MOHK,2002-08-08,2,0.09,24.97,2.05,3.23
ABUR,2002-08-09,1,0.09,33.33,2.84,4.86
ABUR,2002-08-09,2,0.09,33.32,2.83,4.6
AQUE,2002-09-04,1,-99999,26.63,1.12,3.7
AQUE,2002-09-04,2,-99999,26.63,1.18,3.65
MOHK,2002-09-05,1,0.08,31.95,2.27,4.91
MOHK,2002-09-05,2,0.08,31.85,2.29,4.93
ABUR,2002-09-10,1,0.12,30.82,2.56,4.52
ABUR,2002-09-10,2,0.12,30.76,2.43,4.33
AQUE,2002-10-09,1,0.09,26.38,1.46,3.9
AQUE,2002-10-09,2,0.09,25.74,1.39,3.25
MOHK,2002-10-10,1,0.08,27.5,0.97,4
MOHK,2002-10-10,2,0.08,27.46,0.98,4.04
ABUR,2002-10-11,1,0.08,26.32,2.82,3.7
ABUR,2002-10-11,2,0.08,26.23,2.88,3.39
AQUE,2002-11-20,1,0.09,28.76,3.24,4.56
AQUE,2002-11-20,2,0.09,29.02,3.26,4.3
ABUR,2002-11-21,1,0.1,27.74,2.7,4.21
ABUR,2002-11-21,2,0.1,28.51,2.75,4.15
MOHK,2002-11-22,1,0.09,27.98,2.85,4.19
MOHK,2002-11-22,2,0.09,28.83,2.95,4.16
AQUE,2002-12-06,1,0.07,27.19,2.5,3.39
AQUE,2002-12-06,2,0.07,27.34,2.52,3.75
ABUR,2002-12-09,1,0.08,27.46,2.29,3.52
ABUR,2002-12-09,2,0.08,27.56,2.3,3.97
MOHK,2002-12-10,1,0.08,27.23,2.85,3.43
MOHK,2002-12-10,2,0.08,26.83,2.79,3.97
AQUE,2003-01-14,1,0.08,26.08,2.58,3.35
AQUE,2003-01-14,2,0.08,26.26,2.58,3.64
ABUR,2003-01-16,1,0.09,26.1,2.4,3.33
ABUR,2003-01-16,2,0.09,26.17,2.36,3.68
MOHK,2003-01-16,1,0.08,25.09,2.28,3.07
MOHK,2003-01-16,2,0.08,25.37,2.34,3.47
ABUR,2003-02-18,1,0.07,29.15,1.93,3.61
ABUR,2003-02-18,2,0.07,29.03,1.94,4.16
MOHK,2003-02-18,1,0.07,26.85,2,3.38
MOHK,2003-02-18,2,0.07,26.68,1.94,3.5
AQUE,2003-02-21,1,0.07,27.37,1.82,3.64
AQUE,2003-02-21,2,0.07,27.51,1.79,3.84
AQUE,2003-03-05,1,0.07,27.51,2.74,3.68
AQUE,2003-03-05,2,0.07,27.33,2.78,3.73
MOHK,2003-03-05,1,0.06,34.66,2.68,4.54
MOHK,2003-03-05,2,0.06,34.53,2.75,4.71
ABUR,2003-03-06,1,0.1,32.37,2.02,4.77
ABUR,2003-03-06,2,0.1,32.62,2.07,4.81
MOHK,2003-04-08,1,0.1,30.81,3.28,4.38
MOHK,2003-04-08,2,0.1,30.61,3.39,4.44
ABUR,2003-04-10,1,-99999,28.61,3.05,4.05
ABUR,2003-04-10,2,-99999,28.88,3.13,4.2
AQUE,2003-04-15,1,-99999,34.98,4.16,4.94
AQUE,2003-04-15,2,-99999,35.55,4.2,5.02
MOHK,2003-05-06,1,0.08,42.5,3.63,5.39
MOHK,2003-05-06,2,0.08,42.43,3.63,5.55
ABUR,2003-05-12,1,0.07,33.76,3.53,4.73
ABUR,2003-05-12,2,0.07,33.41,3.55,4.9
AQUE,2003-05-13,1,0.05,36.45,3.17,4.84
AQUE,2003-05-13,2,0.05,36.78,3.22,5
AQUE,2003-06-03,1,0.1,28.86,3.73,3.97
AQUE,2003-06-03,2,0.1,28.26,3.74,4.17
MOHK,2003-06-10,1,0.1,32.01,2.27,4.71
MOHK,2003-06-10,2,0.1,31.85,2.13,4.77
ABUR,2003-06-11,1,0.07,35.22,4.19,5.04
ABUR,2003-06-11,2,0.07,34.86,4.13,5.04
AQUE,2003-07-02,1,0.08,33.78,3.84,5.21
AQUE,2003-07-02,2,0.08,33.59,3.79,5.22
ABUR,2003-07-07,1,0.11,36.09,1.74,5.95
ABUR,2003-07-07,2,0.11,35.59,1.72,6.05
MOHK,2003-07-15,1,0.06,34.72,2.31,4.88
MOHK,2003-07-15,2,0.06,34.38,2.25,4.75
ABUR,2003-08-05,1,0.08,32.98,2.65,5
ABUR,2003-08-05,2,0.08,34.42,2.71,5.08
MOHK,2003-08-06,1,0.08,35.15,3.61,5
MOHK,2003-08-06,2,0.08,32.41,3.28,4.54
AQUE,2003-08-08,1,0.07,35.3,3.58,5.33
AQUE,2003-08-08,2,0.07,35.65,3.58,5.31
ABUR,2003-09-02,1,0.07,34.23,3.57,4.74
ABUR,2003-09-02,2,0.07,34.94,3.6,4.82
AQUE,2003-09-04,1,0.08,35.99,3.54,5.36
AQUE,2003-09-04,2,0.08,35.96,3.56,5.34
MOHK,2003-09-05,1,0.06,36.58,3.36,5.06
MOHK,2003-09-05,2,0.06,36.77,3.38,5.14
AQUE,2003-10-01,1,-99999,-99999,-99999,-99999
AQUE,2003-10-01,1,-99999,-99999,-99999,-99999
MOHK,2003-10-01,1,-99999,-99999,-99999,-99999
MOHK,2003-10-01,1,-99999,-99999,-99999,-99999
ABUR,2003-10-01,1,0.15,38.53,2.9,5.47
ABUR,2003-10-01,2,0.15,38.55,2.96,5.44
AQUE,2003-11-06,1,0.11,29.43,3.21,4.65
AQUE,2003-11-06,2,0.11,30.28,3.31,4.68
ABUR,2003-11-13,1,0.07,29.49,2.02,4.83
ABUR,2003-11-13,2,0.07,29.29,2,4.68
MOHK,2003-11-14,1,0.07,34.03,1.99,5.25
MOHK,2003-11-14,2,0.07,34.05,1.98,5.24
MOHK,2003-12-03,1,0.08,27.44,1.91,4.24
MOHK,2003-12-03,2,0.08,27.56,1.89,4.27
ABUR,2003-12-05,1,0.08,29.35,3.5,4.52
ABUR,2003-12-05,2,0.08,28.77,3.43,4.4
AQUE,2003-12-08,1,0.08,28.01,1.89,4.37
AQUE,2003-12-08,2,0.08,28.54,1.88,4.44
AQUE,2004-01-07,1,0.09,26.67,2.84,3.59
AQUE,2004-01-07,2,0.09,26.99,2.9,3.66
ABUR,2004-01-09,1,0.07,28.04,3.27,3.77
ABUR,2004-01-09,2,0.07,27.5,3.22,3.77
MOHK,2004-01-01,1,-99999,-99999,-99999,-99999
MOHK,2004-01-01,2,-99999,-99999,-99999,-99999
MOHK,2004-02-02,1,0.07,28.33,2.85,3.79
MOHK,2004-02-02,2,0.07,28.64,2.91,3.85
ABUR,2004-02-06,1,0.07,27.81,2.98,3.93
ABUR,2004-02-06,2,0.07,28.02,3.01,3.93
AQUE,2004-02-12,1,0.07,25.23,3,3.32
AQUE,2004-02-12,2,0.07,24.37,2.99,3.13
ABUR,2004-03-08,1,0.08,25.76,2.44,3.46
ABUR,2004-03-08,2,0.08,25.63,2.42,3.69
MOHK,2004-03-10,1,0.09,26.16,2.05,3.72
MOHK,2004-03-10,2,0.09,25.49,1.91,3.61
AQUE,2004-03-12,1,0.06,25.76,2.43,3.71
AQUE,2004-03-12,2,0.06,27.55,2.09,3.92
MOHK,2004-04-05,1,0.07,28.4,1.48,4.28
MOHK,2004-04-05,2,0.07,28.16,1.45,4.21
AQUE,2004-04-07,1,0.12,29.85,1.62,4.5
AQUE,2004-04-07,2,0.12,30.23,1.61,4.57
ABUR,2004-04-12,1,0.09,24.91,2.19,3.51
ABUR,2004-04-12,2,0.09,25.15,2.16,3.51
AQUE,2004-05-07,1,0.09,27.94,2.18,3.99
AQUE,2004-05-07,2,0.09,28.04,2.17,4
MOHK,2004-05-15,1,0.08,25.85,2.39,3.51
MOHK,2004-05-15,2,0.08,25.94,2.38,3.49
ABUR,2004-05-19,1,0.07,26.74,2.81,3.72
ABUR,2004-05-19,2,0.07,27.06,2.85,3.72
MOHK,2004-06-02,1,0.09,29.74,1.68,4.3
MOHK,2004-06-02,2,0.09,30.31,1.79,4.28
ABUR,2004-06-16,1,0.07,28.14,3.07,3.82
ABUR,2004-06-16,2,0.07,28.19,3.08,3.82
AQUE,2004-06-21,1,0.08,31.62,3.46,4.15
AQUE,2004-06-21,2,0.08,30.08,3.24,3.94
AQUE,2004-07-07,1,0.1,32.74,2.27,4.69
AQUE,2004-07-07,2,0.1,32.85,2.23,4.71
MOHK,2004-07-09,1,0.08,28.34,2.72,3.8
MOHK,2004-07-09,2,0.08,25.42,2.36,3.41
ABUR,2004-07-16,1,0.07,27.47,2.22,3.81
ABUR,2004-07-16,2,0.07,28.84,2.28,3.98
AQUE,2004-08-03,1,0.1,34.23,2.82,5.16
AQUE,2004-08-03,2,0.1,34.28,2.75,5.19
ABUR,2004-08-05,1,0.08,31.91,2,4.62
ABUR,2004-08-05,2,0.08,31.94,1.99,4.66
MOHK,2004-08-06,1,0.11,30.16,2.04,4.37
MOHK,2004-08-06,2,0.11,30.43,2.16,4.33
AQUE,2004-09-01,1,0.11,30.75,2.36,4.41
AQUE,2004-09-01,2,0.11,31.12,2.28,4.44
MOHK,2004-09-02,1,0.11,30.96,2.01,4.4
MOHK,2004-09-02,2,0.11,30.98,1.99,4.44
ABUR,2004-09-07,1,0.13,31.17,1.29,4.62
ABUR,2004-09-07,2,0.13,31.17,1.41,4.64
AQUE,2004-10-06,1,0.13,30.34,1.27,4.41
AQUE,2004-10-06,2,0.13,30.41,1.28,4.43
ABUR,2004-10-07,1,0.11,28.67,1.75,3.96
ABUR,2004-10-07,2,0.11,30.28,1.93,4.24
MOHK,2004-10-14,1,0.12,31.53,1.96,4.68
MOHK,2004-10-14,2,0.12,32.21,1.97,4.7
AQUE,2004-11-03,1,0.11,29.22,1.8,4.13
AQUE,2004-11-03,2,0.11,29.12,1.8,4.15
MOHK,2004-11-04,1,0.1,28.29,2.01,3.88
MOHK,2004-11-04,2,0.1,28.13,1.81,3.8
ABUR,2004-11-10,1,0.1,29.36,1.14,4.22
ABUR,2004-11-10,2,0.1,30.27,1.24,4.4
AQUE,2004-12-01,1,0.1,27.72,1.65,3.97
AQUE,2004-12-01,2,0.1,26.96,1.61,3.85
MOHK,2004-12-02,1,0.09,27.79,1.69,4.12
MOHK,2004-12-02,2,0.09,27.31,1.85,4
ABUR,2004-12-03,1,0.11,30.17,1.73,4.62
ABUR,2004-12-03,2,0.11,30.67,1.79,4.69
ABUR,2005-01-01,1,-99999,-99999,-99999,-99999
ABUR,2005-01-01,2,-99999,-99999,-99999,-99999
MOHK,2005-01-01,1,-99999,-99999,-99999,-99999
MOHK,2005-01-01,2,-99999,-99999,-99999,-99999
AQUE,2005-01-01,1,-99999,-99999,-99999,-99999
AQUE,2005-01-01,2,-99999,-99999,-99999,-99999
MOHK,2005-02-07,1,0.12,29.71,2.11,4.43
MOHK,2005-02-07,2,0.12,31.29,2.11,4.75
ABUR,2005-02-08,1,0.1,22.25,1.38,3.2
ABUR,2005-02-08,2,0.1,26.89,1.72,3.93
AQUE,2005-02-09,1,0.1,25.5,2,3.61
AQUE,2005-02-09,2,0.1,26.12,2.04,3.7
AQUE,2005-03-14,1,0.09,26.15,2.01,3.32
AQUE,2005-03-14,2,0.09,26.03,2.03,3.47
MOHK,2005-03-16,1,0.1,25.96,1.63,3.42
MOHK,2005-03-16,2,0.1,26.18,1.74,3.47
ABUR,2005-03-17,1,0.11,28.42,1.61,3.97
ABUR,2005-03-17,2,0.11,29,1.61,4.07
MOHK,2005-04-18,1,0.1,25.74,2.95,3.44
MOHK,2005-04-18,2,0.1,26.14,2.95,3.45
AQUE,2005-04-19,1,0.1,27.4,3.39,3.81
AQUE,2005-04-19,2,0.1,28.66,3.43,4
ABUR,2005-04-20,1,0.12,30.74,2.76,4.6
ABUR,2005-04-20,2,0.12,31.06,2.79,4.73
MOHK,2005-05-09,1,0.12,28.7,3.41,4.08
MOHK,2005-05-09,2,0.12,29.65,3.38,4.17
ABUR,2005-05-10,1,0.11,28.05,3.5,3.93
ABUR,2005-05-10,2,0.11,28.95,3.47,4.09
AQUE,2005-05-12,1,0.1,28.59,3.44,3.97
AQUE,2005-05-12,2,0.1,27.79,3.39,3.87
MOHK,2005-06-06,1,0.11,27.94,2.8,3.87
MOHK,2005-06-06,2,0.11,27.9,2.79,3.88
AQUE,2005-06-08,1,0.1,28.34,3.75,3.97
AQUE,2005-06-08,2,0.1,28.38,3.68,3.98
ABUR,2005-06-09,1,0.09,26.88,3.44,3.64
ABUR,2005-06-09,2,0.09,26.99,3.45,3.66
MOHK,2005-07-01,1,0.09,29.16,2.61,3.99
MOHK,2005-07-01,2,0.09,28.19,2.51,3.86
ABUR,2005-07-05,1,0.09,26.82,2.91,3.61
ABUR,2005-07-05,2,0.09,27.04,2.91,3.66
AQUE,2005-07-06,1,0.1,27.79,3.23,3.82
AQUE,2005-07-06,2,0.1,27.75,3.33,3.8
AQUE,2005-08-02,1,0.1,27.8,2.52,3.81
AQUE,2005-08-02,2,0.1,27.18,2.51,3.75
MOHK,2005-08-04,1,0.1,27.61,2.78,3.75
MOHK,2005-08-04,2,0.1,27.82,2.69,3.75
ABUR,2005-08-08,1,0.11,27.8,2.05,3.86
ABUR,2005-08-08,2,0.11,28.28,2.09,3.9
AQUE,2005-09-06,1,0.11,28.64,2.42,4.12
AQUE,2005-09-06,2,0.11,28.33,2.34,4.05
MOHK,2005-09-07,1,0.13,30.8,2.03,4.36
MOHK,2005-09-07,2,0.13,31.09,2.04,4.37
ABUR,2005-09-13,1,0.11,29.2,1.31,4.32
ABUR,2005-09-13,2,0.11,29.58,1.25,4.38
MOHK,2005-10-11,1,-99999,-99999,-99999,-99999
MOHK,2005-10-11,2,-99999,-99999,-99999,-99999
AQUE,2005-10-05,1,0.09,26.09,1.94,3.55
AQUE,2005-10-05,2,0.09,25.81,1.86,3.54
ABUR,2005-10-11,1,0.1,29.49,1.56,4.41
ABUR,2005-10-11,2,0.1,28.63,1.5,4.3
MOHK,2005-11-03,1,0.09,27.81,1.66,4.44
MOHK,2005-11-03,2,0.09,28.4,1.7,4.14
ABUR,2005-11-04,1,0.08,29.28,1.33,4.33
ABUR,2005-11-04,2,0.08,29.24,1.37,4.22
AQUE,2005-11-07,1,0.09,27.41,1.86,3.92
AQUE,2005-11-07,2,0.09,27.8,1.87,3.83
AQUE,2005-12-01,1,0.09,26.58,2.18,3.71
AQUE,2005-12-01,2,0.09,25.87,2.04,3.62
MOHK,2005-12-02,1,0.1,28.25,2.06,3.93
MOHK,2005-12-02,2,0.1,29.63,2.27,4.17
ABUR,2005-12-05,1,0.09,29.3,1.65,4.28
ABUR,2005-12-05,2,0.09,28.59,1.7,4.11
AQUE,2006-01-12,1,0.11,29.34,3.12,4.23
AQUE,2006-01-12,2,0.11,29.05,3.09,4.12
MOHK,2006-01-18,1,0.11,26.87,1.65,3.68
MOHK,2006-01-18,2,0.11,27.11,1.62,3.65
ABUR,2006-01-24,1,0.08,32.01,2.52,4.37
ABUR,2006-01-24,2,0.08,31.49,2.5,4.33
AQUE,2006-02-07,1,0.1,35.05,2.71,5.02
AQUE,2006-02-07,2,0.1,35.18,2.57,5.06
MOHK,2006-02-10,1,0.09,28.72,1.66,4.05
MOHK,2006-02-10,2,0.09,28.71,1.71,4.26
ABUR,2006-02-21,1,0.1,28.7,1.73,4.21
ABUR,2006-02-21,2,0.1,29.49,1.76,4.32
MOHK,2006-03-08,1,0.1,30.44,1.81,4.13
MOHK,2006-03-08,2,0.1,30.25,1.81,4.08
ABUR,2006-03-14,1,0.1,27.51,3.34,3.82
ABUR,2006-03-14,2,0.1,27.09,3.24,3.72
AQUE,2006-03-20,1,0.11,31.34,2.77,4.25
AQUE,2006-03-20,2,0.11,31.87,2.71,4.35
ABUR,2006-04-10,1,0.1,26.53,3.02,3.6
ABUR,2006-04-10,2,0.1,26.97,3.02,3.6
MOHK,2006-04-18,1,0.1,27.43,2.83,3.66
MOHK,2006-04-18,2,0.1,27.14,2.77,3.61
AQUE,2006-04-20,1,0.1,29.39,2.68,4.12
AQUE,2006-04-20,2,0.1,29.95,2.41,4.16
ABUR,2006-05-02,1,0.09,31.02,2.59,4.21
ABUR,2006-05-02,2,0.09,30.11,2.52,3.99
MOHK,2006-05-08,1,0.08,25.84,2.03,3.42
MOHK,2006-05-08,2,0.08,26.95,2.15,3.53
AQUE,2006-05-10,1,0.09,31.21,1.53,4.22
AQUE,2006-05-10,2,0.09,31.18,1.79,4.51
MOHK,2006-06-01,1,0.08,33.83,2.4,4.64
MOHK,2006-06-01,2,0.08,33.65,2.49,4.57
AQUE,2006-06-06,1,0.09,30.21,2.03,4.42
AQUE,2006-06-06,2,0.09,30.01,2.17,4.34
ABUR,2006-06-07,1,0.09,35.73,2.3,5.04
ABUR,2006-06-07,2,0.09,35.88,2.51,5.19
ABUR,2006-07-01,1,0.09,34.5,1.47,5.11
ABUR,2006-07-01,2,0.09,34.5,1.47,5.11
AQUE,2006-07-03,1,0.11,29.34,1.57,4.29
AQUE,2006-07-03,2,0.11,29.34,1.57,4.29
MOHK,2006-07-11,1,0.09,29.37,1.57,4.85
MOHK,2006-07-11,2,0.09,29.37,1.57,4.85
MOHK,2006-08-02,1,0.12,30.43,1.45,4.39
MOHK,2006-08-02,2,0.12,30.43,1.45,4.39
AQUE,2006-08-03,1,0.12,31.26,1.25,4.82
AQUE,2006-08-03,2,0.12,31.26,1.25,4.82
ABUR,2006-08-04,1,0.12,31.08,0.8,4.94
ABUR,2006-08-04,2,0.12,31.08,0.8,4.94
ABUR,2006-09-01,1,0.13,33.7,1,5.41
ABUR,2006-09-01,2,0.13,33.19,1.01,5.34
MOHK,2006-09-02,1,0.17,31.45,1.16,4.83
MOHK,2006-09-02,2,0.17,31.62,1.2,4.89
AQUE,2006-09-05,1,0.13,30.88,1.13,4.91
AQUE,2006-09-05,2,0.13,31.5,1.16,4.94
ABUR,2006-10-03,1,0.11,29.87,1.01,4.78
ABUR,2006-10-03,2,0.11,28.48,0.98,4.89
MOHK,2006-10-04,1,0.13,30.04,1.26,4.97
MOHK,2006-10-04,2,0.13,31.43,1.25,5.24
AQUE,2006-10-05,1,0.1,31.42,1.53,5.23
AQUE,2006-10-05,2,0.1,32.56,1.62,5.3
ABUR,2006-11-01,1,0.13,34.08,0.85,5.39
ABUR,2006-11-01,2,0.13,34.19,0.86,5.41
AQUE,2006-11-02,1,0.13,31.81,1.02,4.98
AQUE,2006-11-02,2,0.13,31.23,1.04,5.1
MOHK,2006-11-03,1,0.1,31.86,1.41,4.96
MOHK,2006-11-03,2,0.1,31.86,1.39,4.88
ABUR,2006-12-01,1,0.09,27.61,1.59,4.26
ABUR,2006-12-01,2,0.09,27.21,1.6,4.21
AQUE,2006-12-04,1,0.09,32.64,1.45,4.94
AQUE,2006-12-04,2,0.09,32.07,1.36,4.88
MOHK,2006-12-07,1,0.1,31.78,1.7,4.89
MOHK,2006-12-07,2,0.1,31.67,1.65,4.9
MOHK,2007-01-03,1,0.1,34.94,2.53,4.83
MOHK,2007-01-03,2,0.1,34.83,2.45,4.96
ABUR,2007-01-03,1,0.12,31.95,2.32,4.77
ABUR,2007-01-03,2,0.12,31.59,2.1,4.71
AQUE,2007-01-09,1,0.13,33.9,1.75,5.14
AQUE,2007-01-09,2,0.13,33.88,1.78,5.12
ABUR,2007-02-06,1,0.12,31,2.54,4.1
ABUR,2007-02-06,2,0.12,31.1,2.45,4.38
MOHK,2007-02-06,1,0.1,27.45,2.63,3.73
MOHK,2007-02-06,2,0.1,27.86,2.63,3.79
AQUE,2007-02-15,1,0.1,25.53,2.22,3.56
AQUE,2007-02-15,2,0.1,25.53,2.22,3.56
ABUR,2007-03-02,1,0.11,30.99,2.61,4.82
ABUR,2007-03-02,2,0.11,31.1,2.55,4.81
AQUE,2007-03-05,1,0.11,27.83,2.08,4.09
AQUE,2007-03-05,2,0.11,27.56,2,3.99
MOHK,2007-03-06,1,0.14,32.42,2.99,5.05
MOHK,2007-03-06,2,0.14,32.31,3.01,4.99
AQUE,2007-04-03,1,0.13,24.82,2.1,3.49
AQUE,2007-04-03,2,0.13,24.36,2.1,3.37
MOHK,2007-04-04,1,0.11,25.08,2.45,3.4
MOHK,2007-04-04,2,0.11,24.14,2.22,3.26
ABUR,2007-04-04,1,0.14,30.88,2.65,4.73
ABUR,2007-04-04,2,0.14,31.19,2.66,4.82
MOHK,2007-05-01,1,0.09,23.99,2.14,3.16
MOHK,2007-05-01,2,0.09,25.81,2.19,3.49
ABUR,2007-05-02,1,0.11,27.2,2.48,3.86
ABUR,2007-05-02,2,0.11,26.63,2.55,3.77
AQUE,2007-05-08,1,0.08,24.88,3.03,3.45
AQUE,2007-05-08,2,0.08,24.38,2.96,3.36
MOHK,2007-06-04,1,0.11,25.12,1.98,3.61
MOHK,2007-06-04,2,0.11,26.64,1.99,3.79
ABUR,2007-06-04,1,0.12,30.12,2.07,4.64
ABUR,2007-06-04,2,0.12,29.07,2.19,4.44
AQUE,2007-06-07,1,0.11,26.77,2.82,3.87
AQUE,2007-06-07,2,0.11,26.4,2.69,3.79
AQUE,2007-07-02,1,0.09,29.96,2.46,3.64
AQUE,2007-07-02,2,0.09,30.3,2.31,3.72
ABUR,2007-07-09,1,0.14,30.6,1.96,4.33
ABUR,2007-07-09,2,0.14,30.33,2.05,4.24
MOHK,2007-07-12,1,0.13,29.14,2.52,3.9
MOHK,2007-07-12,2,0.13,29.37,2.34,3.92
AQUE,2007-08-01,1,0.11,27.18,1.68,3.51
AQUE,2007-08-01,2,0.11,26.94,1.61,3.48
MOHK,2007-08-01,1,0.11,24.78,1.81,3.18
MOHK,2007-08-01,2,0.11,27.3,1.93,3.54
ABUR,2007-08-02,1,0.12,27.94,1.99,3.77
ABUR,2007-08-02,2,0.12,27.66,1.89,3.74
AQUE,2007-09-01,1,0.07,33.59,1.22,4.82
AQUE,2007-09-01,2,0.07,34.13,1.27,4.79
MOHK,2007-09-05,1,0.12,27.34,1.35,3.8
MOHK,2007-09-05,2,0.12,27.7,1.39,3.87
ABUR,2007-09-07,1,0.09,34.54,1.67,5.13
ABUR,2007-09-07,2,0.09,34.95,1.72,5.17
MOHK,2007-09-29,1,0.12,28.61,1.42,3.82
MOHK,2007-09-29,2,0.12,27.78,1.33,3.76
ABUR,2007-09-29,1,0.13,30.17,1.29,4.46
ABUR,2007-09-29,2,0.13,30.48,1.17,4.54
AQUE,2007-10-08,1,0.08,35.96,1.69,4.7
AQUE,2007-10-08,2,0.08,35.11,1.76,4.62
ABUR,2007-11-05,1,0.08,26.91,1.87,3.8
ABUR,2007-11-05,2,0.08,26.64,1.83,3.79
MOHK,2007-11-05,1,0.09,26.85,2.41,3.67
MOHK,2007-11-05,2,0.09,24.4,2.34,3.33
AQUE,2007-11-07,1,0.11,26.55,2.3,3.58
AQUE,2007-11-07,2,0.11,26.47,2.1,3.6
ABUR,2007-12-03,1,0.11,28.04,1.77,3.95
ABUR,2007-12-03,2,0.11,27.4,1.79,3.97
MOHK,2007-12-03,1,0.1,28.33,2.01,3.92
MOHK,2007-12-03,2,0.1,28.93,2.15,4
AQUE,2007-12-10,1,0.1,25.04,2.35,3.27
AQUE,2007-12-10,2,0.1,25.82,2.43,3.38
ABUR,2008-01-02,1,0.12,26.27,2.65,3.6
ABUR,2008-01-02,2,0.12,26.21,2.51,3.76
MOHK,2008-01-02,1,0.12,26.84,2.43,3.85
MOHK,2008-01-02,2,0.12,27.4,2.44,3.93
AQUE,2008-01-03,1,0.08,25.18,2.43,3.41
AQUE,2008-01-03,2,0.08,24.83,2.41,3.35
AQUE,2008-02-01,1,0.08,23.92,2.77,3.36
AQUE,2008-02-01,2,0.08,24.91,2.87,3.51
MOHK,2008-02-07,1,0.1,24.19,2.51,3.13
MOHK,2008-02-07,2,0.1,24.55,2.54,3.36
ABUR,2008-02-07,1,0.1,28.45,2.91,4.12
ABUR,2008-02-07,2,0.1,27.59,2.85,4.01
MOHK,2008-03-04,1,0.1,25.84,2.39,3.55
MOHK,2008-03-04,2,0.1,26.25,2.39,3.58
ABUR,2008-03-04,1,0.09,26.94,2.77,3.79
ABUR,2008-03-04,2,0.09,26.96,2.74,3.8
AQUE,2008-03-05,1,0.11,27.55,2.85,3.81
AQUE,2008-03-05,2,0.11,26.85,2.67,3.9
AQUE,2008-04-01,1,0.11,28.34,3.1,4.02
AQUE,2008-04-01,2,0.11,28.07,3.07,4.2
ABUR,2008-04-03,1,0.07,35.66,3.49,5.07
ABUR,2008-04-03,2,0.07,36.72,3.65,5.18
MOHK,2008-04-03,1,0.07,36.34,3.47,5.12
MOHK,2008-04-03,2,0.07,36.68,3.61,5.06
MOHK,2008-05-01,1,0.15,31.73,2.18,4.78
MOHK,2008-05-01,2,0.15,31.96,2.14,4.8
ABUR,2008-05-01,1,0.14,30.94,2.17,4.73
ABUR,2008-05-01,2,0.14,31.19,2.17,4.83
AQUE,2008-05-02,1,0.1,25.97,2.94,3.67
AQUE,2008-05-02,2,0.1,25.59,2.89,3.56
MOHK,2008-06-02,1,0.12,29.65,2.79,4.31
MOHK,2008-06-02,2,0.12,29.42,2.86,4.28
AQUE,2008-06-03,1,0.1,26.32,2.51,3.67
AQUE,2008-06-03,2,0.1,25.54,2.54,3.54
ABUR,2008-06-12,1,0.16,34.63,2.52,5.24
ABUR,2008-06-12,2,0.16,34.98,2.67,5.22
AQUE,2008-07-01,1,0.11,30.13,1.67,4.48
AQUE,2008-07-01,2,0.11,29.33,1.78,4.26
MOHK,2008-07-08,1,0.13,32,1.64,5.2
MOHK,2008-07-08,2,0.13,31.68,1.7,4.82
ABUR,2008-07-10,1,0.1,25.08,1.7,3.55
ABUR,2008-07-10,2,0.1,25.28,1.51,3.56
MOHK,2008-08-07,1,0.14,32.62,1.83,5.09
MOHK,2008-08-07,2,0.14,32.84,1.78,4.89
ABUR,2008-08-07,1,0.15,34.03,1.63,5.56
ABUR,2008-08-07,2,0.15,34.09,1.41,5.27
AQUE,2008-08-08,1,0.08,35.29,1.6,4.91
AQUE,2008-08-08,2,0.08,35.64,1.55,4.91
AQUE,2008-09-03,1,0.13,32.51,1.41,5.29
AQUE,2008-09-03,2,0.13,32.17,1.36,5.02
MOHK,2008-09-04,1,0.1,31.94,1.52,4.91
MOHK,2008-09-04,2,0.1,32.87,1.56,5.55
ABUR,2008-09-04,1,0.12,36.15,1.63,5.42
ABUR,2008-09-04,2,0.12,36.04,1.53,5.93
MOHK,2008-09-29,1,0.14,31.76,1.58,5.09
MOHK,2008-09-29,2,0.14,32.49,1.62,5.26
ABUR,2008-10-01,1,0.14,30.9,1.25,4.99
ABUR,2008-10-01,2,0.14,31.46,1.26,4.97
AQUE,2008-10-02,1,0.1,37.44,1.37,5.94
AQUE,2008-10-02,2,0.1,37.5,1.36,6.03
AQUE,2008-11-06,1,0.12,30.86,1.4,4.75
AQUE,2008-11-06,2,0.12,31.09,1.37,4.77
MOHK,2008-11-07,1,0.08,36.63,2.35,5.33
MOHK,2008-11-07,2,0.08,36.9,2.47,5.37
ABUR,2008-11-07,1,0.08,33.7,1.91,5.31
ABUR,2008-11-07,2,0.08,33.71,1.99,5.27
MOHK,2008-12-03,1,0.06,41.97,2.85,5.7
MOHK,2008-12-03,2,0.06,42.26,2.91,5.73
AQUE,2008-12-04,1,0.08,36.26,2.17,5.26
AQUE,2008-12-04,2,0.08,36.25,2.18,5.31
ABUR,2008-12-05,1,0.04,35.21,2.19,5.1
ABUR,2008-12-05,2,0.04,35.5,2.18,5.12
ABUR,2009-01-06,1,0.08,32.34,2.66,4.49
ABUR,2009-01-06,2,0.08,32.28,2.69,4.73
MOHK,2009-01-12,1,0.07,30.68,2.45,4.33
MOHK,2009-01-12,2,0.07,31.21,2.48,4.35
AQUE,2009-01-15,1,0.1,26.21,1.45,3.6
AQUE,2009-01-15,2,0.1,27.71,1.47,3.85
AQUE,2009-02-02,1,0.12,27.15,1.76,3.94
AQUE,2009-02-02,2,0.12,27.42,1.75,3.94
MOHK,2009-02-03,1,0.07,28.67,2.6,3.72
MOHK,2009-02-03,2,0.07,29.05,2.66,3.97
ABUR,2009-02-03,1,0.12,31.43,2.33,4.41
ABUR,2009-02-03,2,0.12,31.33,2.3,4.41
MOHK,2009-03-02,1,0.07,29.64,3.06,4.22
MOHK,2009-03-02,2,0.07,29.98,3.15,4.22
ABUR,2009-03-09,1,0.15,28.96,2.82,4.12
ABUR,2009-03-09,2,0.15,29.07,2.76,4.17
AQUE,2009-03-10,1,0.01,27.45,2.95,3.88
AQUE,2009-03-10,2,0.01,28.13,3.04,4.29
AQUE,2009-03-31,1,0.12,28.15,2.89,4.49
AQUE,2009-03-31,2,0.12,27.29,2.74,4.42
MOHK,2009-04-02,1,0.08,28.17,3.12,4.28
MOHK,2009-04-02,2,0.08,27.65,3.09,4.16
ABUR,2009-04-07,1,0.08,31.97,3.36,4.9
ABUR,2009-04-07,2,0.08,32.17,3.28,5.24
AQUE,2009-05-01,1,0.07,29.43,3.71,4.71
AQUE,2009-05-01,2,0.07,29.94,3.82,4.73
ABUR,2009-05-04,1,0.06,33.76,3.57,5.48
ABUR,2009-05-04,2,0.06,32.86,3.46,5.32
MOHK,2009-05-05,1,0.07,27.63,3.31,4.22
MOHK,2009-05-05,2,0.07,27.66,3.26,4.15
ABUR,2009-05-27,1,0.06,33.44,2.766,4.786
ABUR,2009-05-27,2,0.06,34.36,2.746,5.187
MOHK,2009-06-02,1,0.11,26.29,2.06,3.62
MOHK,2009-06-02,2,0.11,26.25,2.04,3.81
AQUE,2009-06-04,1,,29.24,2.067,4.596
AQUE,2009-06-04,2,,30.78,2.098,4.759
MOHK,2009-07-01,1,0.1,28.94,1.604,4.276
MOHK,2009-07-01,2,0.1,27.57,1.583,4.096
ABUR,2009-07-01,1,0.09,33.67,2.448,4.961
ABUR,2009-07-01,2,0.09,33.43,2.423,5.082
AQUE,2009-07-02,1,0.07,37.77,2.294,4.934
AQUE,2009-07-02,2,0.07,37.86,2.19,5.147
AQUE,2009-08-05,1,0.18,33.04,1.73,4.43
AQUE,2009-08-05,2,0.18,33.94,1.73,4.87
ABUR,2009-08-06,1,0.09,33.6,2.34,4.92
ABUR,2009-08-06,2,0.09,33.02,2.02,4.88
MOHK,2009-08-06,1,0.1,26.6,1.64,3.45
MOHK,2009-08-06,2,0.1,30.37,1.77,3.79
ABUR,2009-09-01,1,0.06,34.73,1.97,4.78
ABUR,2009-09-01,2,0.06,34.92,2.12,4.74
MOHK,2009-09-02,1,0.08,31.71,2.17,4.2
MOHK,2009-09-02,2,0.08,32.01,2.28,4.28
AQUE,2009-09-09,1,0.07,35.56,1.58,4.73
AQUE,2009-09-09,2,0.07,36.03,1.72,4.73
ABUR,2009-10-01,1,0.06,42.48,2.39,5.85
ABUR,2009-10-01,2,0.06,42.51,2.34,7.57
MOHK,2009-10-05,1,0.08,30.34,1.75,4.83
MOHK,2009-10-05,2,0.08,32.05,1.89,4.7
AQUE,2009-10-07,1,0.13,29.93,2.28,4.35
AQUE,2009-10-07,2,0.13,29.93,2.28,4.35
MOHK,2009-11-02,1,0.12,29.02,1.48,5.4
MOHK,2009-11-02,2,0.12,28.9,1.42,5.4
ABUR,2009-11-03,1,0.11,30.59,1.49,6.26
ABUR,2009-11-03,2,0.11,31.17,1.47,6.13
AQUE,2009-11-06,1,0.07,36.52,1.51,7.11
AQUE,2009-11-06,2,0.07,37.03,1.55,7.02
AQUE,2009-12-01,1,0.11,31.66,1,6.88
AQUE,2009-12-01,2,0.11,31.36,0.99,7.01
ABUR,2009-12-03,1,0.11,30.59,1.41,4.68
ABUR,2009-12-03,2,0.11,30.99,1.48,5.54
MOHK,2009-12-03,1,0.1,27.96,1.67,4.73
MOHK,2009-12-03,2,0.1,28.04,1.6,4.85
AQUE,2010-01-05,1,0.06,37.12,2.64,6.37
AQUE,2010-01-05,2,0.06,37.14,2.56,6.54
MOHK,2010-01-07,1,0.1,32.1,2.53,5.99
MOHK,2010-01-07,2,0.1,31.31,2.55,5.68
ABUR,2010-01-07,1,0.1,25.5,1.84,4.48
ABUR,2010-01-07,2,0.1,24.77,1.78,4.25
ABUR,2010-02-01,1,0.12,29.25,2.17,4.23
ABUR,2010-02-01,2,0.12,29.38,2.26,4.31
MOHK,2010-02-02,1,0.07,34.25,2.53,4.88
MOHK,2010-02-02,2,0.07,34.21,2.59,4.98
AQUE,2010-02-04,1,0.09,33.38,2.29,5.08
AQUE,2010-02-04,2,0.09,33.02,2.18,5.06
MOHK,2010-03-02,1,0.1,30.47,2.19,4.23
MOHK,2010-03-02,2,0.1,30.76,2.14,4.33
AQUE,2010-03-05,1,0.07,38.29,2.46,5.53
AQUE,2010-03-05,2,0.07,38.01,2.43,5.54
ABUR,2010-03-08,1,0.07,36.42,3.27,5.19
ABUR,2010-03-08,2,0.07,36.71,3.33,5.24
AQUE,2010-04-06,1,0.08,39.12,3.94,5.69
AQUE,2010-04-06,2,0.08,39,3.89,5.73
ABUR,2010-04-08,1,0.06,37.42,4.07,5.57
ABUR,2010-04-08,2,0.06,36.72,4,5.44
MOHK,2010-04-08,1,0.07,35.08,4.32,5.39
MOHK,2010-04-08,2,0.07,35.26,4.36,5.27
MOHK,2010-05-03,1,0.11,31.82,3.69,4.88
MOHK,2010-05-03,2,0.11,32.01,3.84,4.72
ABUR,2010-05-03,1,0.14,35.82,3.83,5.65
ABUR,2010-05-03,2,0.14,35.21,3.78,5.34
AQUE,2010-05-07,1,0.11,30.7,3,4.78
AQUE,2010-05-07,2,0.11,30.56,2.98,4.58
AQUE,2010-06-01,1,0.08,28.3,2.83,4.48
AQUE,2010-06-01,2,0.08,28.4,2.84,4.28
MOHK,2010-06-04,1,0.07,38.55,3.81,5.44
MOHK,2010-06-04,2,0.07,38.29,3.71,5.46
ABUR,2010-06-04,1,0.06,39.31,3.86,5.48
ABUR,2010-06-04,2,0.06,39.74,3.91,5.47
ABUR,2010-07-01,1,0.13,32.57,1.94,5.09
ABUR,2010-07-01,2,0.13,33.85,1.96,5.38
MOHK,2010-07-02,1,0.13,32.62,2.02,5.16
MOHK,2010-07-02,2,0.13,32.38,1.94,5.15
AQUE,2010-07-08,1,0.08,35.4,2.92,5.07
AQUE,2010-07-08,2,0.08,33.76,2.85,4.72
MOHK,2010-08-03,1,0.13,32.85,1.66,5.26
MOHK,2010-08-03,2,0.13,33.32,1.65,5.39
ABUR,2010-08-03,1,0.09,26.4,1.73,3.97
ABUR,2010-08-03,2,0.09,26.09,1.79,3.94
AQUE,2010-08-09,1,0.11,30.99,1.68,4.87
AQUE,2010-08-09,2,0.11,31.34,1.7,4.95
ABUR,2010-09-01,1,0.11,32.33,2.58,5.15
ABUR,2010-09-01,2,0.11,32.17,2.46,5.29
MOHK,2010-09-01,1,0.07,29.5,2.38,4.58
MOHK,2010-09-01,2,0.07,30.22,2.35,4.59
AQUE,2010-09-09,1,0.09,35.64,2.03,5.64
AQUE,2010-09-09,2,0.09,35.2,2.01,5.61
MOHK,2010-10-04,1,0.06,40.11,3.3,4.81
MOHK,2010-10-04,2,0.06,40.4,3.27,5.44
AQUE,2010-10-08,1,0.13,30.16,2.03,4.4
AQUE,2010-10-08,2,0.13,30.38,1.88,4.46
ABUR,2010-10-11,1,0.06,41.38,2.93,5.52
ABUR,2010-10-11,2,0.06,41.27,3.17,5.57
ABUR,2010-11-01,1,0.08,29.71,2.39,4.27
ABUR,2010-11-01,2,0.08,28.86,2.32,4.08
AQUE,2010-11-02,1,0.09,32.54,2.48,4.87
AQUE,2010-11-02,2,0.09,32.33,2.57,4.78
MOHK,2010-11-05,1,0.08,39.03,3.32,5.32
MOHK,2010-11-05,2,0.08,38.75,3.1,5.27
ABUR,2010-12-02,1,0.08,30.36,3.06,4.31
ABUR,2010-12-02,2,0.08,30.41,3.06,4.3
MOHK,2010-12-03,1,0.09,32.23,3.2,4.57
MOHK,2010-12-03,2,0.09,32.27,3.12,4.6
AQUE,2010-12-07,1,0.08,30.25,2.98,4.19
AQUE,2010-12-07,2,0.08,30.18,2.93,4.72
ABUR,2011-01-04,1,0.07,28.28,2.91,4.27
ABUR,2011-01-04,2,0.07,27.29,2.83,4.16
MOHK,2011-01-07,1,0.06,40.39,3.64,6.01
MOHK,2011-01-07,2,0.06,40.6,3.64,6.03
AQUE,2011-01-11,1,0.07,33.55,3,5.31
AQUE,2011-01-11,2,0.07,33.39,2.94,5.24
AQUE,2011-02-01,1,0.11,25.19,1.83,3.5
AQUE,2011-02-01,2,0.11,25.61,1.77,4.07
MOHK,2011-02-08,1,0.08,38.03,2.77,5.79
MOHK,2011-02-08,2,0.08,37.2,2.67,5.72
ABUR,2011-02-10,1,0.11,26.04,1.9,4.61
ABUR,2011-02-10,2,0.11,26.09,1.88,4.46
MOHK,2011-03-01,1,0.08,25.84,1.9,4.42
MOHK,2011-03-01,2,0.08,28.28,2.89,4.56
AQUE,2011-03-03,1,0.06,43.41,3.91,6.41
AQUE,2011-03-03,2,0.06,43.52,3.97,6.55
ABUR,2011-03-04,1,0.07,25.39,2.39,4.16
ABUR,2011-03-04,2,0.07,25.09,2.34,4.05
ABUR,2011-04-01,1,0.1,33.94,2.81,5.71
ABUR,2011-04-01,2,0.1,33.64,2.73,5.67
MOHK,2011-04-01,1,0.08,26.56,2.62,4.32
MOHK,2011-04-01,2,0.08,27.03,2.69,4.33
AQUE,2011-04-04,1,-99999,-99999,-99999,-99999
AQUE,2011-04-04,2,-99999,-99999,-99999,-99999
AQUE,2011-05-04,1,-99999,-99999,-99999,-99999
AQUE,2011-05-04,2,-99999,-99999,-99999,-99999
MOHK,2011-05-01,1,0.09,32.08,2.68,4.87
MOHK,2011-05-01,2,0.09,32.2,2.68,5.56
ABUR,2011-05-02,1,0.08,31.73,2.99,5.64
ABUR,2011-05-02,2,0.08,30.17,2.94,5.29
MOHK,2011-06-02,1,0.07,26.67,2.52,3.45
MOHK,2011-06-02,2,0.07,37.48,3.52,6.12
ABUR,2011-06-07,1,0.1,31.47,2.38,5.34
ABUR,2011-06-07,2,0.1,31.24,2.44,5.39
AQUE,2011-06-08,1,-99999,-99999,-99999,-99999
AQUE,2011-06-08,2,-99999,-99999,-99999,-99999
AQUE,2011-07-08,1,-99999,-99999,-99999,-99999
AQUE,2011-07-08,2,-99999,-99999,-99999,-99999
ABUR,2011-07-07,1,0.12,29.26,2.13,5.05
ABUR,2011-07-07,2,0.12,29.57,2.18,5.17
MOHK,2011-07-07,1,0.12,29.33,1.8,5.37
MOHK,2011-07-07,2,0.12,29.46,1.71,5.32
ABUR,2011-08-03,1,0.08,40.98,2.55,6.81
ABUR,2011-08-03,2,0.08,33.22,2.03,5.55
MOHK,2011-08-03,1,0.08,37.91,2.12,6.68
MOHK,2011-08-03,2,0.08,37.3,2.12,6.65
AQUE,2011-08-01,1,-99999,-99999,-99999,-99999
AQUE,2011-08-01,2,-99999,-99999,-99999,-99999
AQUE,2011-09-07,1,-99999,-99999,-99999,-99999
AQUE,2011-09-07,2,-99999,-99999,-99999,-99999
MOHK,2011-09-06,1,0.13,29.08,1.73,4.06
MOHK,2011-09-06,2,0.13,27.55,1.79,4.6
ABUR,2011-09-06,1,0.1,28.77,2.03,4.94
ABUR,2011-09-06,2,0.1,28.65,2.09,4.85
ABUR,2011-10-04,1,0.12,30.01,1.39,5.64
ABUR,2011-10-04,2,0.12,29.47,1.39,5.58
MOHK,2011-10-07,1,0.02,21.31,1.34,2.65
MOHK,2011-10-07,2,0.02,22.36,1.4,2.91
AQUE,2011-10-07,1,-99999,-99999,-99999,-99999
AQUE,2011-10-07,2,-99999,-99999,-99999,-99999
AQUE,2011-11-02,1,-99999,-99999,-99999,-99999
AQUE,2011-11-02,2,-99999,-99999,-99999,-99999
ABUR,2011-11-01,1,0.07,27.88,2.51,3.68
ABUR,2011-11-01,2,0.07,28.22,2.49,3.74
MOHK,2011-11-01,1,0.1,26.72,1.94,3.41
MOHK,2011-11-01,2,0.1,27.1,1.92,3.47
ABUR,2011-12-05,1,0.08,37.07,3.24,4.89
ABUR,2011-12-05,2,0.08,36.72,3.21,4.94
MOHK,2011-12-06,1,0.12,26.45,2.01,3.43
MOHK,2011-12-06,2,0.12,26.86,2.02,3.61
AQUE,2011-12-08,1,-99999,-99999,-99999,-99999
AQUE,2011-12-08,2,-99999,-99999,-99999,-99999
AQUE,2012-01-05,1,-99999,-99999,-99999,-99999
AQUE,2012-01-05,2,-99999,-99999,-99999,-99999
MOHK,2012-01-10,1,0.06,42.56,3.66,5.28
MOHK,2012-01-10,2,0.06,42.6,3.73,5.34
ABUR,2012-01-11,1,0.12,27.66,1.96,3.86
ABUR,2012-01-11,2,0.12,27.53,1.93,3.78
ABUR,2012-02-06,1,0.08,27.61,1.81,3.71
ABUR,2012-02-06,2,0.08,28.39,1.77,3.84
MOHK,2012-02-15,1,0.07,27.14,2.1,3.61
MOHK,2012-02-15,2,0.07,28.08,2.05,3.83
AQUE,2012-02-01,1,-99999,-99999,-99999,-99999
AQUE,2012-02-01,2,-99999,-99999,-99999,-99999
AQUE,2012-03-09,1,-99999,-99999,-99999,-99999
AQUE,2012-03-09,2,-99999,-99999,-99999,-99999
ABUR,2012-03-05,1,0.09,28.32,2.74,4.25
ABUR,2012-03-05,2,0.09,28.59,2.78,4.33
MOHK,2012-03-08,1,0.1,36.66,3.59,5.15
MOHK,2012-03-08,2,0.1,37.03,3.64,5.22
ABUR,2012-04-03,1,0.1,29.92,2.75,4.51
ABUR,2012-04-03,2,0.1,31.02,2.87,4.68
MOHK,2012-04-10,1,0.08,27.11,2.79,3.79
MOHK,2012-04-10,2,0.08,26.94,2.74,3.87
AQUE,2012-04-04,1,-99999,-99999,-99999,-99999
AQUE,2012-04-04,2,-99999,-99999,-99999,-99999
AQUE,2012-05-03,1,-99999,-99999,-99999,-99999
AQUE,2012-05-03,2,-99999,-99999,-99999,-99999
ABUR,2012-05-02,1,0.07,38,4.09,5.31
ABUR,2012-05-02,2,0.07,38.2,4.09,5.38
MOHK,2012-05-04,1,0.1,28.78,3.17,4.27
MOHK,2012-05-04,2,0.1,28.16,2.59,4.12
AQUE,2012-06-22,1,-99999,-99999,-99999,-99999
AQUE,2012-06-22,2,-99999,-99999,-99999,-99999
MOHK,2012-06-01,1,0.13,27.57,2,3.5
MOHK,2012-06-01,2,0.13,27.6,1.98,3.82
ABUR,2012-06-07,1,0.15,32.91,2.46,4.4
ABUR,2012-06-07,2,0.15,32.83,2.41,4.74
MOHK,2012-07-02,1,0.1,30.78,1.42,3.72
MOHK,2012-07-02,2,0.1,30.09,1.46,3.68
ABUR,2012-07-03,1,0.09,29.53,2.03,3.83
ABUR,2012-07-03,2,0.09,29.26,1.91,3.83
AQUE,2012-07-10,1,0.09,27.78,1.83,3.42
AQUE,2012-07-10,2,0.09,27.19,1.79,3.39
MOHK,2012-08-03,1,0.11,30.74,0.98,3.19
MOHK,2012-08-03,2,0.11,31.42,1.4,4.01
ABUR,2012-08-03,1,0.12,30.14,0.99,3.37
ABUR,2012-08-03,2,0.12,30.59,1.42,4.1
AQUE,2012-08-08,1,0.08,41.29,1.6,4.45
AQUE,2012-08-08,2,0.08,41.5,1.6,4.51
MOHK,2012-09-06,1,0.07,31.71,1.4,3.64
MOHK,2012-09-06,2,0.07,32.24,1.55,5.06
ABUR,2012-09-06,1,0.11,31.2,1.43,4.01
ABUR,2012-09-06,2,0.11,32.39,1.48,4.93
AQUE,2012-09-07,1,0.08,30.25,1.2,4.81
AQUE,2012-09-07,2,0.08,30.32,1.2,4.91
AQUE,2012-10-03,1,0.08,28.29,1.34,4.43
AQUE,2012-10-03,2,0.08,28.1,1.34,4.38
MOHK,2012-10-10,1,0.09,31.61,1.38,4.4
MOHK,2012-10-10,2,0.09,34.71,1.15,5.33
ABUR,2012-10-10,1,0.1,31.55,1.39,4.35
ABUR,2012-10-10,2,0.1,34.33,1.12,5.05
AQUE,2012-11-02,1,0.1,29.25,1.34,4.49
AQUE,2012-11-02,2,0.1,29.18,1.29,4.59
ABUR,2012-11-05,1,0.06,43.95,2.13,5.8
ABUR,2012-11-05,2,0.06,40.38,1.84,5.21
MOHK,2012-11-05,1,0.09,43.66,2.02,6.01
MOHK,2012-11-05,2,0.09,40.65,1.96,5.74
MOHK,2012-12-05,1,0.09,29.6,2.02,4.71
MOHK,2012-12-05,2,0.09,39.55,2.73,5.75
ABUR,2012-12-05,1,0.07,29.79,2,4.75
ABUR,2012-12-05,2,0.07,39.45,2.73,6.06
AQUE,2012-12-11,1,0.1,29.23,1.62,4.68
AQUE,2012-12-11,2,0.1,29.67,1.64,4.83
MOHK,2013-01-03,1,0.12,28.81,2.63,4.79
MOHK,2013-01-03,2,0.12,26.94,2.32,4.54
ABUR,2013-01-03,1,0.1,28.11,2.53,4.58
ABUR,2013-01-03,2,0.1,26.83,2.37,4.56
AQUE,2013-01-19,1,0.11,42.96,2.98,6.16
AQUE,2013-01-19,2,0.11,42.97,2.94,6.19
AQUE,2013-02-07,1,0.08,39.61,3.38,4.84
AQUE,2013-02-07,2,0.08,39.5,3.4,4.96
ABUR,2013-02-11,1,0.11,29.89,2.96,4.37
ABUR,2013-02-11,2,0.11,29.29,2.98,4.34
MOHK,2013-02-11,1,0.12,31.19,2.87,4.43
MOHK,2013-02-11,2,0.12,31.38,2.95,4.61
MOHK,2013-03-05,1,0.07,39.97,3.91,5.3
MOHK,2013-03-05,2,0.07,40.01,4.06,5.37
AQUE,2013-03-11,1,0.13,31.34,2.05,4.66
AQUE,2013-03-11,2,0.13,31.65,2.06,4.87
ABUR,2013-03-12,1,0.09,38.4,3.2,4.98
ABUR,2013-03-12,2,0.09,38.19,3.21,5.41
ABUR,2013-04-02,1,0.12,30.95,1.36,4.58
ABUR,2013-04-02,2,0.12,31,1.43,4.69
MOHK,2013-04-04,1,0.08,36.28,1.99,5.01
MOHK,2013-04-04,2,0.08,36.22,2.02,5.17
AQUE,2013-04-10,1,0.08,40.01,2.64,5.01
AQUE,2013-04-10,2,0.08,40.17,2.64,5.22
MOHK,2013-05-01,1,0.14,30.3,2.25,4.33
MOHK,2013-05-01,2,0.14,30.47,2.21,4.61
ABUR,2013-05-02,1,0.1,33.54,2.23,4.68
ABUR,2013-05-02,2,0.1,34.19,2.3,4.77
AQUE,2013-05-09,1,0.1,28.44,2.05,4.39
AQUE,2013-05-09,2,0.1,28.12,2.01,3.96
MOHK,2013-06-04,1,0.08,34.32,2.37,5.47
MOHK,2013-06-04,2,0.08,33.5,2.32,4.88
ABUR,2013-06-05,1,0.17,32.37,1.49,5.61
ABUR,2013-06-05,2,0.17,33.41,1.53,5.35
AQUE,2013-06-10,1,0.13,26.82,1.31,4.19
AQUE,2013-06-10,2,0.13,26.98,1.44,3.86
MOHK,2013-07-01,1,0.12,31.46,1.26,5.28
MOHK,2013-07-01,2,0.12,30.25,1.27,4.54
AQUE,2013-07-02,1,0.1,32.12,2.12,5.08
AQUE,2013-07-02,2,0.1,32.14,2.15,4.58
ABUR,2013-07-03,1,0.12,32.99,2.35,5.45
ABUR,2013-07-03,2,0.12,33.5,2.34,5.47
ABUR,2013-08-05,1,0.12,34.37,1.98,5.77
ABUR,2013-08-05,2,0.12,34.75,1.76,5.92
MOHK,2013-08-06,1,0.11,35.2,1.93,6
MOHK,2013-08-06,2,0.11,35.72,2.13,5.9
AQUE,2013-08-08,1,0.11,27.54,1.26,4.46
AQUE,2013-08-08,2,0.11,28.15,1.28,4.39
MOHK,2013-09-03,1,0.12,30.87,1.14,4.46
MOHK,2013-09-03,2,0.12,30.42,1.15,4.69
ABUR,2013-09-03,1,0.14,32.85,1.04,5.13
ABUR,2013-09-03,2,0.14,32.77,1.05,5.05
AQUE,2013-09-04,1,0.09,34.04,1.12,4.98
AQUE,2013-09-04,2,0.09,34.05,1.12,4.98
MOHK,2013-09-30,1,0.13,29.7,1.53,4.49
MOHK,2013-09-30,2,0.13,29.82,1.4,4.54
ABUR,2013-09-30,1,0.12,32.68,1.01,5.15
ABUR,2013-09-30,2,0.12,32.87,1.02,5.19
AQUE,2013-10-04,1,0.08,36.32,1.31,4.82
AQUE,2013-10-04,2,0.08,36.04,1.29,4.81
ABUR,2013-11-04,1,0.12,32.8,1.11,4.96
ABUR,2013-11-04,2,0.12,33.31,1.09,5.54
MOHK,2013-11-05,1,0.09,31.17,1.25,4.99
MOHK,2013-11-05,2,0.09,31.13,1.24,5.03
AQUE,2013-11-07,1,0.1,29.49,1.2,4.56
AQUE,2013-11-07,2,0.1,29.32,1.22,4.48
MOHK,2013-12-03,1,0.11,29.97,1.11,4.76
MOHK,2013-12-03,2,0.11,30.37,1.11,4.91
ABUR,2013-12-03,1,0.09,31.63,0.97,5.25
ABUR,2013-12-03,2,0.09,31.34,0.94,5.15
AQUE,2013-12-06,1,0.14,29.44,1.03,4.97
AQUE,2013-12-06,2,0.14,30.48,1,5.13
MOHK,2014-01-03,1,0.14,29.8,1.06,4.44
MOHK,2014-01-03,2,0.14,30.68,0.96,4.69
ABUR,2014-01-03,1,0.15,27.67,1.4,4.1
ABUR,2014-01-03,2,0.15,28.01,1.43,4.12
AQUE,2014-01-07,1,0.09,36.23,1.51,4.94
AQUE,2014-01-07,2,0.09,36.26,1.5,4.99
MOHK,2014-02-03,1,0.09,29.82,1.9,4.32
MOHK,2014-02-03,2,0.09,29.93,1.9,4.39
ABUR,2014-02-04,1,0.06,39.13,2.08,5.15
ABUR,2014-02-04,2,0.06,39.25,2.24,5.18
AQUE,2014-02-06,1,0.06,37.21,1.71,4.87
AQUE,2014-02-06,2,0.06,37.07,1.69,4.91
AQUE,2014-03-12,1,0.11,27,1.31,4.12
AQUE,2014-03-12,2,0.11,26.75,1.28,4.16
ABUR,2014-03-12,1,0.09,35.67,1.99,5.58
ABUR,2014-03-12,2,0.09,35.48,1.87,5.54
MOHK,2014-03-12,1,0.13,30.43,1.46,5.09
MOHK,2014-03-12,2,0.13,30.45,1.47,5.18
MOHK,2014-04-02,1,0.08,40.24,3.7,6.32
MOHK,2014-04-02,2,0.08,40.44,3.7,6.33
AQUE,2014-04-08,1,0.14,28.11,2.03,4.71
AQUE,2014-04-08,2,0.14,28.16,2.16,4.74
ABUR,2014-04-09,1,0.06,38.23,3.42,6.02
ABUR,2014-04-09,2,0.06,38.17,3.39,6.04
MOHK,2014-05-01,1,0.07,40.24,3.7,6.32
MOHK,2014-05-01,2,0.07,40.44,3.7,6.33
AQUE,2014-05-02,1,0.09,28.11,2.03,4.71
AQUE,2014-05-02,2,0.09,28.16,2.16,4.74
ABUR,2014-05-09,1,0.12,38.23,3.42,6.02
ABUR,2014-05-09,2,0.12,38.17,3.39,6.04
MOHK,2014-06-02,1,0.12,31.69,1.02,5.01
MOHK,2014-06-02,2,0.12,31.61,0.98,5.02
ABUR,2014-06-03,1,0.1,39.08,1.75,5.33
ABUR,2014-06-03,2,0.1,39.26,1.8,5.33
AQUE,2014-06-06,1,0.09,32.7,1.5,4.97
AQUE,2014-06-06,2,0.09,32.69,1.61,4.85
ABUR,2014-07-02,1,0.08,37.5,1.41,5.58
ABUR,2014-07-02,2,0.08,38.32,1.49,5.59
MOHK,2014-07-02,1,0.08,36.92,1.1,5.34
MOHK,2014-07-02,2,0.08,36.73,1.23,5.4
AQUE,2014-07-08,1,0.11,36.28,1.32,5.46
AQUE,2014-07-08,2,0.11,36.24,1.46,5.47
MOHK,2014-08-01,1,0.06,41.46,1.35,5.39
MOHK,2014-08-01,2,0.06,41.74,1.5,5.51
ABUR,2014-08-04,1,0.06,41.99,1.86,5.45
ABUR,2014-08-04,2,0.06,41.97,1.85,5.43
AQUE,2014-08-05,1,0.12,35.16,0.88,4.94
AQUE,2014-08-05,2,0.12,35.15,0.95,4.89
MOHK,2014-09-02,1,0.09,40.13,1.19,5.48
MOHK,2014-09-02,2,0.09,39.95,1.18,5.53
AQUE,2014-09-05,1,0.16,33.11,0.91,5.15
AQUE,2014-09-05,2,0.16,33.04,0.84,5.13
ABUR,2014-09-09,1,0.07,42.67,1.46,5.47
ABUR,2014-09-09,2,0.07,42.53,1.39,5.47
MOHK,2014-10-09,1,0.08,40.53,1.26,5.35
MOHK,2014-10-09,2,0.08,42.88,1.2,4.78
AQUE,2014-10-10,1,0.16,31.86,0.79,4.99
AQUE,2014-10-10,2,0.16,30.55,0.66,4.99
ABUR,2014-10-13,1,0.07,40.64,1.15,5.58
ABUR,2014-10-13,2,0.07,40.33,1.18,5.57
MOHK,2014-11-04,1,0.12,33.09,1.33,5.23
MOHK,2014-11-04,2,0.12,33.19,1.52,5.49
ABUR,2014-11-10,1,0.06,40.47,1.32,5.58
ABUR,2014-11-10,2,0.06,40.26,1.34,5.75
AQUE,2014-11-13,1,0.06,42.13,1.02,5.41
AQUE,2014-11-13,2,0.06,42.24,1.02,5.4
MOHK,2014-12-01,1,0.06,42.05,2.03,5.57
MOHK,2014-12-01,2,0.06,42.02,2.06,5.49
ABUR,2014-12-01,1,0.06,40.55,1.65,5.55
ABUR,2014-12-01,2,0.06,40.73,1.74,5.6
AQUE,2014-12-05,1,0.05,40.87,1.79,5.57
AQUE,2014-12-05,2,0.05,41.02,1.8,5.61
AQUE,2015-01-06,1,0.09,39.38,1.44,5.66
AQUE,2015-01-06,2,0.09,39.58,1.33,5.85
ABUR,2015-01-07,1,0.05,44.51,2.38,5.45
ABUR,2015-01-07,2,0.05,44.52,2.48,5.47
MOHK,2015-01-07,1,0.06,39.7,2.01,5.59
MOHK,2015-01-07,2,0.06,39.7,2.03,5.6
AQUE,2015-02-03,1,0.07,42.87,1.48,5.58
AQUE,2015-02-03,2,0.07,42.87,1.48,5.55
ABUR,2015-02-05,1,0.06,43.85,1.82,5.42
ABUR,2015-02-05,2,0.06,32.28,1.35,3.94
MOHK,2015-02-07,1,0.05,43.94,2.13,5.44
MOHK,2015-02-07,2,0.05,43.93,2.19,5.44
ABUR,2015-03-04,1,0.07,43.8,2.81,5.47
ABUR,2015-03-04,2,0.07,44.14,2.78,5.49
AQUE,2015-03-06,1,0.15,31.88,0.67,5.11
AQUE,2015-03-06,2,0.15,32.15,0.67,5.18
MOHK,2015-03-09,1,0.07,42.48,1.88,5.76
MOHK,2015-03-09,2,0.07,42.45,1.98,5.96
AQUE,2015-04-06,1,0.06,43.56,1.71,5.86
AQUE,2015-04-06,2,0.06,43.7,1.74,5.88
MOHK,2015-04-08,1,0.14,31.81,1.37,5.5
MOHK,2015-04-08,2,0.14,31.39,1.48,5.42
ABUR,2015-04-13,1,0.05,39.79,3.28,5.7
ABUR,2015-04-13,2,0.05,39.72,3.27,5.68
ABUR,2015-05-04,1,0.07,40.13,3.67,6.15
ABUR,2015-05-04,2,0.07,39.59,3.62,6.07
MOHK,2015-05-07,1,0.07,43.96,3.6,6.4
MOHK,2015-05-07,2,0.07,44.01,3.64,6.38
AQUE,2015-05-12,1,0.05,43.43,4.03,6.33
AQUE,2015-05-12,2,0.05,43.34,4.04,6.34
MOHK,2015-06-02,1,0.06,39.24,2.27,6.08
MOHK,2015-06-02,2,0.06,33.41,1.78,5.2
AQUE,2015-06-04,1,0.06,42.44,2.18,5.9
AQUE,2015-06-04,2,0.06,42.1,2.02,6.07
ABUR,2015-06-09,1,0.07,43.42,1.87,6.06
ABUR,2015-06-09,2,0.07,43.95,1.93,6.07
MOHK,2015-07-02,1,0.06,40.03,1.84,6.22
MOHK,2015-07-02,2,0.06,35.55,1.55,5.63
ABUR,2015-07-08,1,0.13,35.05,1.04,6.04
ABUR,2015-07-08,2,0.13,34.96,0.96,6.03
AQUE,2015-07-13,1,0.06,42.87,1.48,5.94
AQUE,2015-07-13,2,0.06,43.08,1.54,5.9
AQUE,2015-08-03,1,0.1,35.99,0.91,5.91
AQUE,2015-08-03,2,0.1,35.63,0.86,5.92
ABUR,2015-08-05,1,0.06,43,1.49,6.06
ABUR,2015-08-05,2,0.06,42.66,1.43,6.19
MOHK,2015-08-06,1,0.13,33.14,1.21,5.38
MOHK,2015-08-06,2,0.13,32.06,1.13,5.23
MOHK,2015-09-02,1,0.06,43.2,1.55,5.19
MOHK,2015-09-02,2,0.06,42.8,1.55,5.43
AQUE,2015-09-03,1,0.08,37.71,1.23,5.56
AQUE,2015-09-03,2,0.08,37.39,1.15,5.58
ABUR,2015-09-04,1,0.11,36.55,0.81,5.73
ABUR,2015-09-04,2,0.11,36.74,0.79,5.74
ABUR,2015-10-01,1,0.09,40.21,1.5,5.55
ABUR,2015-10-01,2,0.09,40,1.49,5.6
MOHK,2015-10-02,1,0.11,35.89,0.9,5.36
MOHK,2015-10-02,2,0.11,36.13,0.94,5.32
AQUE,2015-10-05,1,0.06,40.29,1.33,5.48
AQUE,2015-10-05,2,0.06,40.8,1.44,5.55
ABUR,2015-11-05,1,0.06,43.42,2.11,5.55
ABUR,2015-11-05,2,0.06,43.19,2.13,5.53
MOHK,2015-11-09,1,0.07,42.32,1.88,5.6
MOHK,2015-11-09,2,0.07,42.39,1.96,5.67
AQUE,2015-11-11,1,0.06,39.98,2.64,5.73
AQUE,2015-11-11,2,0.06,40.35,2.66,6.07
ABUR,2015-12-02,1,0.07,36.86,1.86,5.8
ABUR,2015-12-02,2,0.07,36.97,1.94,5.87
MOHK,2015-12-02,1,0.07,37.11,1.72,5.81
MOHK,2015-12-02,2,0.07,37.11,1.75,5.83
AQUE,2015-12-03,1,0.05,43.24,2.24,6.06
AQUE,2015-12-03,2,0.05,43.78,2.35,6.16
ABUR,2016-01-10,1,0.06,33.61,3.04,4.83
ABUR,2016-01-10,2,0.06,33.6,3.11,4.85
MOHK,2016-01-09,1,0.05,32.42,2.98,4.45
MOHK,2016-01-09,2,0.05,31.96,2.86,4.48
AQUE,2016-01-11,1,0.05,41.21,3.33,5.67
AQUE,2016-01-11,2,0.05,40.88,3.34,5.6
ABUR,2016-02-07,1,0.06,42.3,3.92,5.53
ABUR,2016-02-07,2,0.06,42.2,3.92,5.52
MOHK,2016-02-07,1,0.05,41.66,3.38,5.66
MOHK,2016-02-07,2,0.05,41.53,3.25,5.64
AQUE,2016-02-09,1,0.05,38.27,3.67,5.38
AQUE,2016-02-09,2,0.05,38.06,3.69,5.35
AQUE,2016-03-09,1,0.06,37.82,2.31,5.58
AQUE,2016-03-09,2,0.06,38.01,2.38,5.5
ABUR,2016-03-10,1,0.13,31.74,1.53,5.12
ABUR,2016-03-10,2,0.13,31.75,1.48,5.2
MOHK,2016-03-10,1,0.1,28.85,1.93,4.3
MOHK,2016-03-10,2,0.1,28.7,1.87,4.34
AQUE,2016-04-05,1,0.06,38.42,3.72,5.55
AQUE,2016-04-05,2,0.06,37.92,3.73,5.54
MOHK,2016-04-07,1,0.1,37.22,3.12,5.95
MOHK,2016-04-07,2,0.1,37.4,3.19,5.97
ABUR,2016-04-07,1,0.05,37.47,3.42,5.7
ABUR,2016-04-07,2,0.05,37.78,3.51,5.7
ABUR,2016-05-03,1,0.08,32.57,3.38,4.96
ABUR,2016-05-03,2,0.08,32.2,3.33,4.91
MOHK,2016-05-03,1,0.06,37.47,3.54,5.51
MOHK,2016-05-03,2,0.06,38.21,3.67,5.58
AQUE,2016-05-05,1,0.07,36.91,2.91,5.13
AQUE,2016-05-05,2,0.07,36.81,3.02,5.33
MOHK,2016-06-11,1,0.09,36.63,2.22,5.72
MOHK,2016-06-11,2,0.09,35.95,2.01,5.76
ABUR,2016-06-01,1,0.04,34.84,3.26,5.33
ABUR,2016-06-01,2,0.04,34.12,3.3,5.27
AQUE,2016-06-07,1,0.1,37.89,1.97,5.8
AQUE,2016-06-07,2,0.1,37.61,1.98,5.75
MOHK,2016-07-07,1,0.09,33.76,1.71,4.93
MOHK,2016-07-07,2,0.09,34.09,1.4,4.86
ABUR,2016-07-08,1,0.06,32.2,1.48,4.64
ABUR,2016-07-08,2,0.06,30.9,1.37,4.5
AQUE,2016-07-11,1,0.1,37.98,2.41,4.51
AQUE,2016-07-11,2,0.1,38.49,2.32,4.59
MOHK,2016-08-02,1,0.09,35.4,1.3,5.17
MOHK,2016-08-02,2,0.09,34.94,1.33,5.16
ABUR,2016-08-04,1,0.06,34.8,1.59,4.84
ABUR,2016-08-04,2,0.06,35.25,1.54,4.89
AQUE,2016-08-08,1,0.07,35.9,2.44,4.71
AQUE,2016-08-08,2,0.07,34.8,2.18,4.56
MOHK,2016-09-01,1,0.07,37.64,2.04,4.99
MOHK,2016-09-01,2,0.07,37.92,2.17,5.02
AQUE,2016-09-07,1,0.07,30.62,1.76,4.18
AQUE,2016-09-07,2,0.07,30.78,1.77,4.2
ABUR,2016-09-08,1,0.07,32.88,1.8,4.8
ABUR,2016-09-08,2,0.07,33.2,1.91,4.98
ABUR,2016-10-03,1,0.07,34.46,1.95,5.08
ABUR,2016-10-03,2,0.07,32.86,1.9,4.89
AQUE,2016-10-04,1,0.06,35.94,2.04,5.11
AQUE,2016-10-04,2,0.06,36.21,2.05,5.15
MOHK,2016-10-06,1,0.04,40.76,2.32,5.71
MOHK,2016-10-06,2,0.04,40.65,2.34,5.69
MOHK,2016-11-01,1,0.06,32.86,2.54,4.73
MOHK,2016-11-01,2,0.06,30.81,2.19,4.47
ABUR,2016-11-02,1,0.08,27.65,1.66,4.2
ABUR,2016-11-02,2,0.08,28.36,1.52,4.31
AQUE,2016-11-04,1,0.06,35.67,1.47,5.38
AQUE,2016-11-04,2,0.06,36.26,1.5,5.4
ABUR,2016-12-02,1,0.13,28.86,1.81,4.43
ABUR,2016-12-02,2,0.13,28.76,1.74,4.4
AQUE,2016-12-06,1,0.09,34.27,1.39,5.21
AQUE,2016-12-06,2,0.09,33.96,1.44,5.34
MOHK,2016-12-08,1,0.05,38.11,2.46,5.59
MOHK,2016-12-08,2,0.05,37.84,2.45,5.58
MOHK,2017-01-04,1,0.11,27.07,2.43,3.65
MOHK,2017-01-04,2,0.11,26.96,2.48,3.68
ABUR,2017-01-04,1,0.12,30.54,2.71,4.45
ABUR,2017-01-04,2,0.12,30.89,2.74,4.49
AQUE,2017-01-10,1,0.06,25.41,1.65,3.54
AQUE,2017-01-10,2,0.06,25.81,1.65,3.62
AQUE,2017-02-01,1,0.08,29.57,2.25,4.48
AQUE,2017-02-01,2,0.08,30.3,2.32,4.57
MOHK,2017-02-01,1,0.07,31.22,2.37,4.34
MOHK,2017-02-01,2,0.07,30.83,2.32,4.26
ABUR,2017-02-09,1,0.06,33.4,2.71,4.6
ABUR,2017-02-09,2,0.06,32.94,2.78,4.52
ABUR,2017-03-07,1,0.06,38.03,3.08,4.98
ABUR,2017-03-07,2,0.06,40.45,3.3,5.28
MOHK,2017-03-07,1,0.05,42.64,3.37,5.42
MOHK,2017-03-07,2,0.05,42.55,3.37,5.43
AQUE,2017-03-10,1,0.12,29.13,2.42,4.38
AQUE,2017-03-10,2,0.12,29.6,2.44,4.66
ABUR,2017-04-07,1,-99999,-99999,-99999,-99999
ABUR,2017-04-07,2,-99999,-99999,-99999,-99999
AQUE,2017-04-04,1,0.06,37.16,3.52,5.17
AQUE,2017-04-04,2,0.06,37.21,3.59,5.37
MOHK,2017-04-11,1,0.06,34.69,3.5,4.86
MOHK,2017-04-11,2,0.06,34.4,3.51,4.87
MOHK,2017-05-03,1,0.09,27.47,3.49,4.06
MOHK,2017-05-03,2,0.09,27.89,3.57,4.11
AQUE,2017-05-04,1,0.08,27.98,3.49,4.22
AQUE,2017-05-04,2,0.08,28.82,3.5,4.29
ABUR,2017-05-02,1,-99999,-99999,-99999,-99999
ABUR,2017-05-02,2,-99999,-99999,-99999,-99999
ABUR,2017-06-01,1,-99999,-99999,-99999,-99999
ABUR,2017-06-01,2,-99999,-99999,-99999,-99999
MOHK,2017-06-01,1,0.0818,34.33,2.49,5.1
MOHK,2017-06-01,2,0.0818,42.6,3.19,6.27
AQUE,2017-06-06,1,0.0734,34.62,2.79,5.19
AQUE,2017-06-06,2,0.0734,33.46,2.76,4.9
MOHK,2017-07-07,1,0.05,35.37,1.63,-99999
MOHK,2017-07-07,2,0.05,35.49,1.67,-99999
ABUR,2017-07-07,1,0.05,36.11,1.42,-99999
ABUR,2017-07-07,2,0.05,38.15,1.6,-99999
AQUE,2017-07-11,1,0.09,35.27,2.1,-99999
AQUE,2017-07-11,2,0.09,34.88,2.12,-99999
ABUR,2017-08-01,1,0.06,39.96,1.19,-99999
ABUR,2017-08-01,2,0.06,39.89,1.19,-99999
MOHK,2017-08-01,1,0.11,35.26,1.44,-99999
MOHK,2017-08-01,2,0.11,34.42,1.25,-99999
AQUE,2017-08-03,1,0.09,36.81,1.38,-99999
AQUE,2017-08-03,2,0.09,37.75,1.33,-99999
MOHK,2017-09-07,1,0.12,31.84,1.09,-99999
MOHK,2017-09-07,2,0.12,31.68,1.14,-99999
ABUR,2017-09-07,1,0.1,31.78,1,-99999
ABUR,2017-09-07,2,0.1,33.04,1.03,-99999
AQUE,2017-09-10,1,0.11,33.24,1.37,-99999
AQUE,2017-09-10,2,0.11,33.59,1.38,-99999
AQUE,2017-10-02,1,0.1,31.5,1.21,-99999
AQUE,2017-10-02,2,0.1,31.74,1.17,-99999
ABUR,2017-10-03,1,0.07,33.87,1.08,-99999
ABUR,2017-10-03,2,0.07,34.16,1.13,-99999
MOHK,2017-10-03,1,0.06,36.03,2.02,-99999
MOHK,2017-10-03,2,0.06,36.43,1.99,-99999
AQUE,2017-11-02,1,0.04,30.94,1.21,-99999
AQUE,2017-11-02,2,0.04,30.66,1.21,-99999
MOHK,2017-11-03,1,0.14,28.76,1.88,-99999
MOHK,2017-11-03,2,0.14,28.26,1.79,-99999
ABUR,2017-11-03,1,0.09,27.28,1.32,-99999
ABUR,2017-11-03,2,0.09,27.37,1.32,-99999
AQUE,2017-12-06,1,0.04,37.24,1.62,-99999
AQUE,2017-12-06,2,0.04,37.22,1.61,-99999
MOHK,2017-12-07,1,0.06,33.39,1.86,-99999
MOHK,2017-12-07,2,0.06,33.55,1.88,-99999
ABUR,2017-12-07,1,0.03,33.53,2.08,-99999
ABUR,2017-12-07,2,0.03,33.75,2.09,-99999
AQUE,2018-01-23,1,0.12,29.37,1.12,-99999
AQUE,2018-01-23,2,0.12,29.28,1.1,-99999
MOHK,2018-01-24,1,0.09,31.32,2.13,-99999
MOHK,2018-01-24,2,0.09,31.28,2.15,-99999
ABUR,2018-01-25,1,0.12,28.9,1.82,-99999
ABUR,2018-01-25,2,0.12,28.56,1.81,-99999
AQUE,2018-02-15,1,0.08,27.3,1.3,-99999
AQUE,2018-02-15,2,0.08,27.8,1.4,-99999
ABUR,2018-02-16,1,0.11,30.9,1.1,-99999
ABUR,2018-02-16,2,0.11,31.3,1.2,-99999
MOHK,2018-02-16,1,0.09,28.4,1.3,-99999
MOHK,2018-02-16,2,0.09,28.76,1.3,-99999
ABUR,2018-03-07,1,0.08,31.42,3.25,-99999
ABUR,2018-03-07,2,0.08,31.44,3.2,-99999
MOHK,2018-03-07,1,0.08,37.88,3.4,-99999
MOHK,2018-03-07,2,0.08,38.17,3.44,-99999
AQUE,2018-03-12,1,0.09,33.82,2.8,-99999
AQUE,2018-03-12,2,0.09,32.72,2.76,-99999
MOHK,2018-04-03,1,0.1,28.33,3.41,-99999
MOHK,2018-04-03,2,0.1,28.12,3.45,-99999
ABUR,2018-04-05,1,0.14,26.88,3,-99999
ABUR,2018-04-05,2,0.14,26.58,2.96,-99999
AQUE,2018-04-06,1,0.09,26.12,2.59,-99999
AQUE,2018-04-06,2,0.09,25.98,2.53,-99999
AQUE,2018-05-02,1,0.094918504,27.68823994,2.246668973,4.349804607
AQUE,2018-05-02,2,0.094918504,27.90295403,2.176809745,4.219937284
MOHK,2018-05-04,1,0.130563798,31.35405573,1.9258104,4.847877446
MOHK,2018-05-04,2,0.130563798,32.14106353,2.075478977,5.05574029
ABUR,2018-05-04,1,0.119235096,31.4640114,1.926427194,5.397489648
ABUR,2018-05-04,2,0.119235096,31.94723216,1.954170529,4.895459347
MOHK,2018-06-04,1,0.085054678,37.83712973,2.901927074,5.677311138
MOHK,2018-06-04,2,0.085054678,37.50439986,2.85814465,5.407496775
ABUR,2018-06-04,1,0.109118087,36.29854759,2.448861714,6.052397223
ABUR,2018-06-04,2,0.109118087,36.63535572,2.574546957,6.01872675
AQUE,2018-06-06,1,0.09270217,31.30170974,3.396048612,5.539590346
AQUE,2018-06-06,2,0.09270217,31.32222544,3.445660689,5.12096069
MOHK,2018-07-05,1,0.127205882,28.46463175,1.627460265,4.697623942
MOHK,2018-07-05,2,0.127205882,26.98021914,1.397875119,4.368818209
ABUR,2018-07-06,1,0.117702448,32.22955992,1.264940001,5.256689865
ABUR,2018-07-06,2,0.117702448,32.99900434,1.428900375,5.265171788
AQUE,2018-07-10,1,0.09375,35.41110104,2.930892661,4.405466654
AQUE,2018-07-10,2,0.09375,35.13586728,2.853044951,5.432064015
MOHK,2018-08-13,1,0.118890357,31.38513575,1.891668833,4.732506734
MOHK,2018-08-13,2,0.118890357,31.30623653,2.098869903,5.034681826
ABUR,2018-08-13,1,0.128865979,32.00236203,1.883143304,5.124729193
ABUR,2018-08-13,2,0.128865979,31.75136389,1.945414141,4.842236447
AQUE,2018-08-06,1,0.161716172,26.56626284,1.754005921,4.487681905
AQUE,2018-08-06,2,0.161716172,29.0157247,1.972813253,5.272120668
AQUE,2018-09-06,1,0.120879121,37.31846694,2.293657453,6.135458511
AQUE,2018-09-06,2,0.120879121,35.85511115,2.288703784,6.09770269
ABUR,2018-09-07,1,0.108781127,31.32076637,2.033707909,5.938154591
ABUR,2018-09-07,2,0.108781127,30.58879331,1.853924807,6.347657446
MOHK,2018-09-07,1,0.112033195,32.44942012,2.420276227,6.308966646
MOHK,2018-09-07,2,0.112033195,32.25328858,2.255502663,5.920720591
MOHK,2018-10-04,1,0.105555556,28.77082268,1.694506461,5.705938032
MOHK,2018-10-04,2,0.105555556,28.54963662,1.735388774,5.682025797
ABUR,2018-10-04,1,0.102521008,34.61077752,1.81816158,5.974446459
ABUR,2018-10-04,2,0.102521008,35.00835027,1.831421088,6.808966381
AQUE,2018-10-05,1,0.183791606,28.17026346,1.41128996,6.087343993
AQUE,2018-10-05,2,0.183791606,29.34020399,1.389124692,5.873891311
AQUE,2018-11-01,1,0.100358423,35.88,1.23,3.65
AQUE,2018-11-01,2,0.100358423,35.35,1.24,4.22
ABUR,2018-11-02,1,0.129905277,31.05,1.22,3.77
ABUR,2018-11-02,2,0.129905277,30.77,1.1,4.04
MOHK,2018-11-02,1,0.131481481,31,1.59,3.95
MOHK,2018-11-02,2,0.131481481,31.08,1.54,3.83
AQUE,2018-12-04,1,0.128695652,29.11,1.96,3.76
AQUE,2018-12-04,2,0.128695652,29.35,2.07,3.83
ABUR,2018-12-11,1,0.085333333,31.61,1.5,3.94
ABUR,2018-12-11,2,0.085333333,32.21,1.42,3.78
MOHK,2018-12-11,1,0.087478559,34.44,2.07,4.31
MOHK,2018-12-11,2,0.087478559,35.67,1.99,5.07
AQUE,2019-01-03,1,0.106951872,34.6,1.46,6.15
AQUE,2019-01-03,2,0.106951872,34.45,1.56,6.77
MOHK,2019-01-04,1,0.058743169,35.33,1.62,6.57
MOHK,2019-01-04,2,0.058743169,35,1.73,6.37
ABUR,2019-01-04,1,0.063703704,35.33,1.62,6.57
ABUR,2019-01-04,2,0.063703704,35.77,1.6,7
ABUR,2019-02-07,1,0.148867314,35.98,2.32,6.02
ABUR,2019-02-07,2,0.148867314,36.44,2.28,6.19
MOHK,2019-02-07,1,0.087163233,30.29,2.19,5.1
MOHK,2019-02-07,2,0.087163233,31.39,2.21,5.02
AQUE,2019-02-08,1,0.071942446,36.09,2.6,6.15
AQUE,2019-02-08,2,0.071942446,36.91,2.63,6.47
ABUR,2019-03-04,1,0.110067114,29.42,2.28,4.26
ABUR,2019-03-04,2,0.110067114,28.81,2.27,4.91
MOHK,2019-03-04,1,0.103825137,27.79,1.82,4.74
MOHK,2019-03-04,2,0.103825137,27.65,1.81,4.88
AQUE,2019-03-05,1,0.097493036,34.14,2.51,5.95
AQUE,2019-03-05,2,0.097493036,33.68,2.54,6.13
MOHK,2019-04-01,1,0.059931507,37.27,2.99,5.43
MOHK,2019-04-01,2,0.059931507,37.46,3.03,5.49
ABUR,2019-04-01,1,0.081570997,36.48,2.43,5.76
ABUR,2019-04-01,2,0.081570997,36.18,2.46,5.79
AQUE,2019-04-04,1,0.075931232,34.84,3.16,5.49
AQUE,2019-04-04,2,0.075931232,36.67,3.31,5.69
AQUE,2019-05-02,1,0.100139082,31.56,3.3,5.08
AQUE,2019-05-02,2,0.100139082,32.1,3.38,4.97
MOHK,2019-05-03,1,0.101626016,32.6,2.22,5.42
MOHK,2019-05-03,2,0.101626016,35.36,2.49,5.67
ABUR,2019-05-03,1,0.091559371,33.19,2.17,5.59
ABUR,2019-05-03,2,0.091559371,33,2.14,5.37
ABUR,2019-06-04,1,0.111261872,32.3,2.51,4
ABUR,2019-06-04,2,0.111261872,30.91,2.4,4.91
MOHK,2019-06-04,1,0.099037139,33.36,3.23,4.81
MOHK,2019-06-04,2,0.099037139,32.42,3.19,4.99
AQUE,2019-06-06,1,0.116062176,35.05,3.23,5.3
AQUE,2019-06-06,2,0.116062176,34.84,3.19,5.19
AQUE,2019-07-02,1,0.121929026,29.91,1.34,4.65
AQUE,2019-07-02,2,0.121929026,30.72,1.37,4.77
ABUR,2019-07-08,1,0.109298532,33.59,1.25,5.3
ABUR,2019-07-08,2,0.109298532,33.55,1.27,5.24
MOHK,2019-07-10,1,0.130674003,33.78,1.15,5.14
MOHK,2019-07-10,2,0.130674003,33.73,1.14,5.3
ABUR,2019-08-02,1,0.102564103,35.88,0.91,4.34
ABUR,2019-08-02,2,0.102564103,35.87,0.87,4.79
AQUE,2019-08-05,1,0.158892128,33.86,0.99,4.64
AQUE,2019-08-05,2,0.158892128,33.87,0.97,4.91
MOHK,2019-08-09,1,0.08,36.29,1.78,5.58
MOHK,2019-08-09,2,0.08,36.09,1.73,4.84
AQUE,2019-09-06,1,0.376010782,30.99,2.16,4.62
AQUE,2019-09-06,2,0.376010782,31.08,2.11,5.18
MOHK,2019-09-12,1,0.353342428,28.72,1.32,3.92
MOHK,2019-09-12,2,0.353342428,28.66,1.23,4.01
ABUR,2019-09-12,1,0.29,27.26,1.15,3.75
ABUR,2019-09-12,2,0.29,26.79,1.15,3.99
MOHK,2019-10-02,1,0.079,36.77,2.66,5.14
MOHK,2019-10-02,2,0.079,37.19,2.53,4.82
AQUE,2019-10-03,1,0.125,31.16,2.01,4.39
AQUE,2019-10-03,2,0.125,31.01,1.91,4.21
ABUR,2019-10-04,1,0.067647059,37.97,1.87,4.63
ABUR,2019-10-04,2,0.067647059,38.2,1.89,5.53
ABUR,2019-11-01,1,0.103070175,31.01,1.07,4.14
ABUR,2019-11-01,2,0.103070175,31.03,1.08,4.5
AQUE,2019-11-04,1,0.084566596,37.25,1.61,5.05
AQUE,2019-11-04,2,0.084566596,37.24,1.6,5.28
MOHK,2019-11-06,1,0.094202899,32.79,1.94,4.66
MOHK,2019-11-06,2,0.094202899,32.64,1.9,4.52
AQUE,2019-12-03,1,0.07008547,42.82,2.2,5.08
AQUE,2019-12-03,2,0.07008547,42.56,2.2,5.09
ABUR,2019-12-05,1,0.048433048,42.84,2.49,5.14
ABUR,2019-12-05,2,0.048433048,42.87,2.57,4.56
MOHK,2019-12-06,1,0.105747126,29.14,1.94,4.06
MOHK,2019-12-06,2,0.105747126,29.47,1.92,3.9
AQUE,2020-01-07,1,0.064829822,39.98,2.3,5.12
AQUE,2020-01-07,2,0.064829822,40.02,2.23,5.27
ABUR,2020-01-14,1,0.092657343,33.04,1.21,4.75
ABUR,2020-01-14,2,0.092657343,35.73,1.42,4.93
MOHK,2020-01-14,1,0.091883614,33.32,1.32,4.85
MOHK,2020-01-14,2,0.091883614,33.43,1.34,5.53
MOHK,2020-02-04,1,0.100430416,30.6,1.4,4.32
MOHK,2020-02-04,2,0.100430416,31.5,1.38,4.71
ABUR,2020-02-06,1,0.126344086,30.83,0.84,4.89
ABUR,2020-02-06,2,0.126344086,32.7,0.86,5.11
AQUE,2020-02-06,1,0.053299492,39.93,2.79,5.55
AQUE,2020-02-06,2,0.053299492,38.21,2.73,5.33
ABUR,2020-03-02,1,0.077544426,39.55,1.01,5.48
ABUR,2020-03-02,2,0.077544426,38.77,1.03,5.27
AQUE,2020-03-03,1,0.088114754,29.14,1.24,4.5
AQUE,2020-03-03,2,0.088114754,28.35,1.18,4.32
MOHK,2020-03-05,1,0.119828816,29.26,1.05,4.07
MOHK,2020-03-05,2,0.119828816,28.87,0.097,4.48
MOHK,2020-07-08,1,0.105544,29.08,2.32,4.15
MOHK,2020-07-08,2,0.105544,27.17,2.3,4.42
AQUE,2020-07-10,1,0.117312,29.3,2.84,4.83
AQUE,2020-07-10,2,0.117312,29.83,2.81,4.94
ABUR,2020-07-13,1,0.122571,30.27,0.95,5.06
ABUR,2020-07-13,2,0.122571,30.66,1.12,5.25
MOHK,2020-08-04,1,0.194946,31.59,1.35,5.25
MOHK,2020-08-04,2,0.194946,29.87,1.42,4.93
ABUR,2020-08-06,1,0.14751,33.24,1.55,5.84
ABUR,2020-08-06,2,0.14751,32.79,1.5,5.67
AQUE,2020-08-07,1,0.118349,26.82,1.72,4.52
AQUE,2020-08-07,2,0.118349,26.78,1.73,4.23
AQUE,2020-09-01,1,0.135853,30.04,1.66,4.96
AQUE,2020-09-01,2,0.135853,30.37,1.66,5.15
MOHK,2020-09-02,1,0.130354,28.57,1.96,4.66
MOHK,2020-09-02,2,0.130354,28.3,1.82,4.65
ABUR,2020-09-02,1,0.113452,30.24,1.06,4.79
ABUR,2020-09-02,2,0.113452,29.77,0.95,5.34
MOHK,2020-10-05,1,0.129841,27.86,1.51,4.48
MOHK,2020-10-05,2,0.129841,28.62,1.36,4.58
ABUR,2020-10-05,1,0.134579,31.2,1.2,5.5
ABUR,2020-10-05,2,0.134579,31.13,1.2,5.7
AQUE,2020-10-06,1,0.113809,27.37,1.7,4.69
AQUE,2020-10-06,2,0.113809,27.19,1.71,4.52
AQUE,2020-11-02,1,0.1402,32.66,1.08,5.67
AQUE,2020-11-02,2,0.1402,33.51,1.09,6.01
MOHK,2020-11-04,1,0.122302,30.95,1.7,5.46
MOHK,2020-11-04,2,0.122302,30.43,1.83,5.18
ABUR,2020-11-04,1,0.113139,30.33,1.48,5.31
ABUR,2020-11-04,2,0.113139,29.86,1.39,5.26
MOHK,2020-12-03,1,0.108514,27.52,2.07,4.75
MOHK,2020-12-03,2,0.108514,28.08,2.12,4.76
AQUE,2020-12-04,1,0.110169,26.65,2.1,3.9
AQUE,2020-12-04,2,0.110169,26.9,2.19,4.43
ABUR,2020-12-04,1,0.104167,28.04,1.6,4.81
ABUR,2020-12-04,2,0.104167,28.39,1.63,4.88
AQUE,2021-01-06,1,0.122312,27.71,2.14,4.77
AQUE,2021-01-06,2,0.122312,26.95,2.15,4.7
MOHK,2021-01-12,1,0.107089,26.6,2.72,4.45
MOHK,2021-01-12,2,0.107089,26.18,2.71,4.45
ABUR,2021-01-12,1,0.129758,30.12,2.13,5.39
ABUR,2021-01-12,2,0.129758,30.27,2.15,5.5
MOHK,2021-02-04,1,0.120906801,27.64,2.73,4.06
ABUR,2021-02-04,1,0.118942731,29.69,2.67,4.51
AQUE,2021-02-05,1,0.116083916,27.99,2.24,4.21
AQUE,2021-03-04,1,0.121130552,30.24,2.89,4.67
MOHK,2021-03-08,1,0.141982864,31.21,2.26,4.79
ABUR,2021-03-08,1,0.111987382,27.71,1.95,3.99
MOHK,2021-04-01,1,0.131413141,30.11,2.83,4.62
ABUR,2021-04-01,1,0.10787172,27.79,3.16,4.25
AQUE,2021-04-02,1,0.138817481,32.7,3.14,5.1
AQUE,2021-05-06,1,0.121890547,29.5,2.25,4.38
MOHK,2021-05-07,1,0.102380952,32.02,2.93,4.76
ABUR,2021-05-07,1,0.093294461,31.8,3.2,4.67
ABUR,2021-06-01,1,0.103174603,33.92,2.89,5.04
MOHK,2021-06-01,1,0.083242059,32.84,3.36,4.74
AQUE,2021-06-10,1,0.080147965,34.38,3.18,4.96
AQUE,2021-07-08,1,0.121315193,31.01,1.97,4.72
MOHK,2021-07-09,1,0.126373626,31.58,2.29,4.69
ABUR,2021-07-09,1,0.140374332,33.46,1.41,5.41
ABUR,2021-08-02,1,0.098089172,35.97,1.52,5.24
MOHK,2021-08-02,1,0.113365155,35.9,1.82,5.3
AQUE,2021-08-06,1,0.095838588,33.75,2.03,4.92
ABUR,2021-09-02,1,0.088757396,31.77,2.52,4.57
MOHK,2021-09-02,1,0.120381406,31.15,1.37,4.48
AQUE,2021-09-07,1,0.130111524,31.31,1.12,5
MOHK,2021-10-04,1,0.131377551,29.68,1.08,4.42
ABUR,2021-10-04,1,0.121118012,27.34,1.68,4.1
AQUE,2021-10-07,1,0.112970711,33.09,1.27,5.04
ABUR,2021-11-01,1,0.10428737,26.91,2.04,4.11
MOHK,2021-11-01,1,0.114401077,29.96,2.13,4.61
AQUE,2021-11-08,1,0.115248227,27.2,1.86,4.08
AQUE,2021-12-01,1,0.107991361,29.49,1.3,4.67
MOHK,2021-12-03,1,0.08850365,27.51,1.72,4.1
ABUR,2021-12-03,1,0.095916429,28.68,1.66,4.27
MOHK,2022-01-06,1,0.111751152,33.15,3.08,5.15
ABUR,2022-01-06,1,0.191637631,31.92,3.14,4.73
AQUE,2022-01-07,1,0.135483871,29.54,2.71,4.62
AQUE,2022-02-01,1,0.119565217,28.86,1.58,4.37
MOHK,2022-02-03,1,0.082369942,31.37,2.1,4.75
ABUR,2022-02-03,1,0.056420233,31.53,2.01,4.47
ABUR,2022-03-07,1,0.098786828,26.29,3.18,3.8
MOHK,2022-03-07,1,0.120160214,29.46,2.68,4.53
AQUE,2022-03-09,1,0.125368732,28.84,2.66,4.55
ABUR,2022-04-05,1,9.75,25.85,2.39,3.66
MOHK,2022-04-05,1,12.12,29.9,1.77,4.54
AQUE,2022-04-07,1,9.29,28.83,3,4.36
AQUE,2022-05-03,1,11.3,27.2,2.9,4.09
MOHK,2022-05-06,1,11.85,33.5,2.58,5.31
ABUR,2022-05-06,1,11.55,25.93,2.63,3.75
AQUE,2022-06-02,1,11.58,27.98,3.08,4.2
MOHK,2022-06-03,1,9.22,30.09,3.3,4.48
ABUR,2022-06-03,1,7.27,25.84,2.83,3.63
AQUE,2022-07-07,1,4.37,30.07,1.97,4.46
ABUR,2022-07-08,1,3.41,32.63,1.88,4.66
MOHK,2022-07-08,1,11.49,32.06,1.86,4.89
ABUR,2022-08-04,1,6.47,34.5,1.69,4.85
MOHK,2022-08-04,1,12.33,32.93,1.57,4.6
AQUE,2022-08-05,1,7.08,30.18,2.01,4.56
AQUE,2022-09-01,1,9.14,27.34,2.3,3.97
MORK,2022-09-09,1,6.52,32.45,2.34,4.49
ABUR,2022-09-09,1,4.37,35.54,2.01,5.09
MOHK,2022-10-10,1,11.22,29.45,1.75,4.26
ABUR,2022-10-10,1,8.52,31.05,1.32,4.75
AQUE,2022-10-13,1,7.53,34.54,2.27,5.18
ABUR,2022-11-07,1,9.41,28.06,2.81,4.18
MOHK,2022-11-07,1,8.97,27.7,2.73,4.06
AQUE,2022-11-10,1,7.78,31.83,2.62,4.61
ABUR,2022-12-01,1,9.03,27.41,2.01,3.84
MOHK,2022-12-01,1,6.37,32.99,2.03,4.86
AQUE,2022-12-08,1,6.53,34.07,2.32,4.93
