Site,Year,Season,NPP_dry,NPP_carbon,NPP_nitrogen,Growth_rate_dry,Growth_rate_carbon,Growth_rate_nitrogen,SE_NPP_dry,SE_NPP_carbon,SE_NPP_nitrogen,SE_growth_rate_dry,SE_growth_rate_carbon,SE_growth_rate_nitrogen
ABUR,2002,3-Summer,0.0642566874,0.0181838822,0.0013405899,0.027484863,0.0262013925,0.0271328676,0.0075911371,0.0023883613,0.000217765,0.0023424637,0.0024790823,0.0029398171
ABUR,2002,4-Autumn,0.0361242554,0.0089938052,0.0007882777,0.0249154535,0.024163093,0.0235306703,0.0074495585,0.0020192658,0.0001846275,0.0048383751,0.0049296822,0.0049894625
ABUR,2003,1-Winter,0.0131779162,0.0037249539,0.0002446782,0.0462644935,0.0477587186,0.0466633993,0.0027570298,0.0007772182,0.0000561853,0.0059489446,0.005974352,0.0062268768
ABUR,2003,2-Spring,0.0078607992,0.0024329176,0.0002087429,0.0333617299,0.034736102,0.0355086189,0.00162108,0.0005034639,0.0000451198,0.0053954786,0.0055045951,0.0056877856
ABUR,2003,3-Summer,0.0049752864,0.0016950382,0.0001048331,0.0281473564,0.0287028108,0.0285542172,0.0007410112,0.0002572428,0.0000195346,0.0037503217,0.003798185,0.0040490414
ABUR,2003,4-Autumn,0.0065900442,0.0017850039,0.0001512042,0.0353952037,0.0324202733,0.0362296314,0.001021904,0.0003079253,0.0000271609,0.0044224607,0.0045062656,0.0045915809
ABUR,2004,1-Winter,0.0038372253,0.0010041625,0.0000933375,0.0195678044,0.0193889597,0.0184324765,0.0010856805,0.000294798,0.0000295872,0.0053107375,0.0053731947,0.00565294
ABUR,2004,2-Spring,0.0000965974,0.0000259334,2.2202018E-6,0.0223853266,0.0236684944,0.0253313672,0.0000173617,4.6899371E-6,4.606748E-7,0.0042627095,0.0043719404,0.0048410771
ABUR,2004,3-Summer,0.0020820104,0.0006014125,0.0000272519,0.0580591611,0.058841697,0.0516799367,0.0002904765,0.0000875596,4.5002807E-6,0.0044525784,0.0045047134,0.004712195
ABUR,2004,4-Autumn,0.0055356788,0.0015396899,0.0000676526,0.0363989594,0.035781609,0.0371647926,0.0007664456,0.0002207777,0.0000121302,0.0035036303,0.0035451971,0.0041677688
ABUR,2005,1-Winter,0.0009752759,0.0002197595,0.0000123033,0.0132521465,0.0133309234,0.0132207234,0.0003865893,0.0000984346,5.4222264E-6,0.0046765007,0.0048238613,0.0049797364
ABUR,2005,2-Spring,0.0028600198,0.0007570932,0.0000757733,0.042088869,0.0419849757,0.049134109,0.0003710819,0.0001024508,0.0000128748,0.0035630281,0.0037122175,0.0041838838
ABUR,2005,3-Summer,0.0030341754,0.0008295623,0.000032443,0.0283789593,0.0292333166,0.019002622,0.0004297894,0.0001227421,7.4848236E-6,0.0032456668,0.0033437993,0.0035617697
ABUR,2005,4-Autumn,0.0054186317,0.0014805821,0.0000703037,0.0297842546,0.0297244505,0.0332587996,0.000763588,0.000218708,0.0000123142,0.0030254112,0.0031298984,0.0036870103
ABUR,2006,1-Winter,0.0012900814,0.0003366423,0.0000325271,0.0242320295,0.0226930441,0.0297162218,0.0002767408,0.0000843374,6.9598191E-6,0.0033730654,0.0034821732,0.0043150953
ABUR,2006,2-Spring,0.0018822032,0.0005675901,0.0000392938,0.0313369604,0.0336462738,0.0278350971,0.0002918997,0.0000859496,8.5852635E-6,0.0043043179,0.0042664603,0.0051294582
ABUR,2006,3-Summer,0.0008286106,0.0002372169,4.5833245E-6,0.0224633747,0.0209937957,0.0166936259,0.0001577651,0.0000500015,1.3607038E-6,0.0032796012,0.0033840281,0.0038141352
ABUR,2006,4-Autumn,0.0007064959,0.0001939516,8.0791705E-6,0.0187969124,0.0175821156,0.0247988274,0.0001623859,0.0000467985,2.1119464E-6,0.004003545,0.0041846384,0.0046415109
ABUR,2007,1-Winter,0.0003437796,0.0001001532,7.2441821E-6,0.0368124055,0.0365754499,0.0393503019,0.0000688715,0.0000206719,1.531521E-6,0.0062309208,0.0062984349,0.0066264558
ABUR,2007,2-Spring,0.0006935236,0.000192066,0.0000116096,0.0346338399,0.0342716709,0.0320846914,0.0001004692,0.0000295571,2.1347719E-6,0.0032230973,0.0032939168,0.0036616086
ABUR,2007,3-Summer,0.0021838697,0.0006379766,0.0000255498,0.0436331716,0.0441916656,0.0390691775,0.0002654392,0.0000825652,3.8561532E-6,0.0040955421,0.0041942016,0.0044618979
ABUR,2007,4-Autumn,0.0079317256,0.0020171404,0.0001224823,0.037649697,0.0358126563,0.0431290157,0.001068064,0.0002922232,0.0000197883,0.0041539252,0.0041835204,0.0045384028
ABUR,2008,1-Winter,0.0039931165,0.0010654032,0.0000933016,0.0432925717,0.0450945435,0.0472163084,0.0006893509,0.0001811159,0.0000168007,0.0060499172,0.0061095727,0.0063733641
ABUR,2008,2-Spring,0.0055115254,0.0017003626,0.0001059498,0.0378541281,0.0380536518,0.0350296549,0.0007430542,0.0002666854,0.000022194,0.0026284696,0.0028476285,0.0036303947
ABUR,2008,3-Summer,0.0026456638,0.0008365882,0.0000247228,0.0128574246,0.014059398,0.01000639,0.000601323,0.0001984768,9.3734374E-6,0.0027732972,0.0030220804,0.0035552191
ABUR,2008,4-Autumn,0.0067503779,0.0021659067,0.0001241508,0.0382848664,0.0388304783,0.0453127691,0.0009975274,0.0003371953,0.0000214877,0.0039261051,0.0040682682,0.0044614069
ABUR,2009,1-Winter,0.017509314,0.0050577981,0.0003651417,0.0632240082,0.0619339327,0.0655660697,0.003272728,0.0009660323,0.0000760385,0.0079635012,0.007995552,0.0081873433
ABUR,2009,2-Spring,0.0023924644,0.000759974,0.0000650991,0.0324159376,0.0332268784,0.0331703104,0.0006585709,0.0002020542,0.0000194273,0.007185172,0.0072262089,0.0073656628
ABUR,2009,3-Summer,0.0007068238,0.0002394446,0.0000123803,0.0217682001,0.0235763844,0.0203621998,0.0001698118,0.0000548037,3.3993349E-6,0.0046787675,0.0047816248,0.0050320073
ABUR,2009,4-Autumn,0.000440073,0.0001375494,5.6031917E-6,0.0343890033,0.0307799512,0.0284680089,0.0001381058,0.0000459524,2.1287485E-6,0.008438712,0.0084846784,0.0089375143
ABUR,2010,1-Winter,0,0,0,-99999,-99999,-99999,0,0,0,-99999,-99999,-99999
ABUR,2010,2-Spring,0,0,0,0,0,0,0.000015493,4.0893632E-6,8.8630182E-8,0.0083127124,0.0066062821,0.0025004105
ABUR,2010,3-Summer,0.0007980379,0.0002788348,0.000017865,0.0390095966,0.0401285981,0.0429863694,0.0000950101,0.0000367001,2.9576249E-6,0.0035218352,0.0036927247,0.0043578959
ABUR,2010,4-Autumn,0.0014001303,0.0003758518,0.0000313427,0.0251359743,0.0225449215,0.0257976742,0.0001818626,0.0000531781,5.1524392E-6,0.0025987689,0.0026466421,0.0030468255
ABUR,2011,1-Winter,0.0008048504,0.0001995627,0.00001384,0.0241274131,0.0243656781,0.0224759644,0.0001397884,0.0000378633,3.2246276E-6,0.0042786189,0.0044636046,0.0047500649
ABUR,2011,2-Spring,0.000549273,0.0001618067,0.0000108942,0.033223739,0.033472,0.0320109817,0.000098834,0.0000284824,2.2772853E-6,0.0047395479,0.0047445007,0.0050783298
ABUR,2011,3-Summer,0.0009006724,0.0002601737,0.0000126933,0.0297487502,0.0293249791,0.0261514748,0.0001241,0.0000380864,2.3924002E-6,0.003460063,0.0035479548,0.0039198201
ABUR,2011,4-Autumn,0.0023794442,0.0007188174,0.0000514909,0.0286303676,0.0297949818,0.033666136,0.0002997504,0.0000980753,8.2688057E-6,0.0024149554,0.002547753,0.0030430489
ABUR,2012,1-Winter,0.0044081191,0.0011812431,0.0000883346,0.0297262395,0.028650146,0.0306160202,0.0006154692,0.0001763286,0.0000160043,0.0029201853,0.0029921415,0.0034449592
ABUR,2012,2-Spring,0.0069414096,0.0022670517,0.0001589599,0.0262057025,0.0273247641,0.0248923279,0.0010252166,0.0003529358,0.0000310776,0.0026351072,0.0027405156,0.0034060268
ABUR,2012,3-Summer,0.0106455918,0.0031919277,0.0001053703,0.0268192029,0.0277514513,0.0227384594,0.0014582558,0.0004571469,0.0000205763,0.0025728869,0.0027966355,0.003228629
ABUR,2012,4-Autumn,0.0115725152,0.0036352418,0.0002169777,0.0346403199,0.0339996567,0.0410951031,0.0016145345,0.0005383694,0.0000358009,0.0038629371,0.0040081691,0.0043264365
ABUR,2013,1-Winter,0.0139186484,0.0045532382,0.0003438322,0.0289583263,0.0308587423,0.0315550441,0.0016750046,0.00064323,0.0000620929,0.0026912448,0.0028940051,0.0035569511
ABUR,2013,2-Spring,0.0135280478,0.004122928,0.0002181674,0.0201329993,0.0197672073,0.0225986901,0.0016683049,0.0005516319,0.0000362876,0.0019274729,0.0021272979,0.0030518882
ABUR,2013,3-Summer,0.0124639927,0.003919451,0.0001128734,0.0197372899,0.0196336688,0.0128405814,0.0016454129,0.000560402,0.0000268449,0.002118634,0.0022641486,0.0028259249
ABUR,2013,4-Autumn,0.0090122597,0.0025583901,0.0000837151,0.0187480385,0.0174794312,0.0204093555,0.0015079041,0.000462259,0.0000169668,0.0025711792,0.0026302829,0.0031813936
ABUR,2014,1-Winter,0.0094961089,0.003556323,0.000176379,0.0408194076,0.0432110543,0.047933557,0.0026430464,0.0009679945,0.0000494845,0.0134880129,0.0134525396,0.0134550841
ABUR,2014,2-Spring,0.0011922085,0.0004315575,0.0000204538,0.0345139592,0.0351091478,0.0321549476,0.0001327881,0.0000507558,3.7405137E-6,0.0036338651,0.0036878627,0.0045339924
ABUR,2014,3-Summer,0.0026530452,0.0010591259,0.0000289594,0.0248515976,0.0257722565,0.023049189,0.000314274,0.0001353213,5.1814915E-6,0.0017669261,0.0019093249,0.0025542433
ABUR,2014,4-Autumn,0.0050506384,0.0019778431,0.0000742419,0.0384940463,0.0387300742,0.0434250642,0.0008456817,0.0003468428,0.0000140355,0.0056634573,0.0057102579,0.0058829631
ABUR,2015,1-Winter,0.0043613743,0.0016948768,0.0000807146,0.0413320656,0.0412224854,0.0455236156,0.0006712411,0.0002712492,0.0000132815,0.0055094307,0.0056149652,0.0057924391
ABUR,2015,2-Spring,0.0052948918,0.0019944574,0.0000902919,0.045616595,0.0449885668,0.0379045315,0.0006666835,0.000262027,0.0000159648,0.0042195668,0.0042838575,0.0046171816
ABUR,2015,3-Summer,0.0082547013,0.0030499186,0.0000747146,0.0326732521,0.032419597,0.0307246504,0.0013219769,0.0005107935,0.0000162924,0.0041849875,0.0041816961,0.004458952
ABUR,2015,4-Autumn,0.0027001208,0.000996472,0.0000494767,0.0198808574,0.0187842699,0.0274611452,0.0006082222,0.0002331447,0.0000104781,0.0045358022,0.0044905465,0.0049609943
ABUR,2016,1-Winter,0.0002104906,0.0000709373,7.9634314E-6,0.0178370279,0.0165322555,0.0130048817,0.0001669218,0.0000552958,3.9437502E-6,0.0096958814,0.009235074,0.007851182
ABUR,2016,2-Spring,0,0,0,-99999,-99999,-99999,0,0,0,-99999,-99999,-99999
ABUR,2016,3-Summer,0.0023097697,0.0007341877,0.0000323453,0.0997967006,0.1005141654,0.103430107,0.0004466764,0.0001437111,6.912893E-6,0.0146488433,0.0147598153,0.0147572739
ABUR,2016,4-Autumn,0.0031632263,0.0008680128,0.0000476934,0.0607373246,0.059511275,0.0627915901,0.0005041654,0.000141756,8.3237501E-6,0.0073901491,0.0074144928,0.0075693439
ABUR,2017,1-Winter,0.0004085771,0.0001273202,9.5804378E-6,0.0139010495,0.0160119167,0.0177645549,0.0001711474,0.0000523679,3.7825416E-6,0.0097368723,0.0102138743,0.010268577
ABUR,2017,2-Spring,0,0,0,-99999,-99999,-99999,0,0,0,-99999,-99999,-99999
ABUR,2017,3-Summer,0.0000738341,0.0000235671,6.2363192E-7,0.0397884532,0.0383849089,0.0352662773,0.0000103179,3.4666539E-6,1.1174033E-7,0.0039923881,0.004159477,0.0047783732
ABUR,2017,4-Autumn,0.0006694808,0.0001957348,0.0000103669,0.0396910861,0.0392886715,0.0466820761,0.0000889301,0.0000276412,1.8165208E-6,0.003053359,0.0031246326,0.0036334323
ABUR,2018,1-Winter,0.0045082105,0.0012503939,0.0000912746,0.0496034078,0.0485569386,0.054658701,0.0005443309,0.0001590079,0.0000140969,0.004195203,0.004247611,0.0046102344
ABUR,2018,2-Spring,0.0102338632,0.0033267219,0.0001701346,0.0330549829,0.0348314084,0.0283334171,0.0013268247,0.0004534726,0.0000343941,0.0028534056,0.0029282778,0.0034847688
ABUR,2018,3-Summer,0.0046222953,0.0013161385,0.000069193,0.0187896075,0.0182852587,0.0197715183,0.0010525408,0.0003264295,0.0000195697,0.0036565218,0.0037010971,0.0043471142
ABUR,2018,4-Autumn,0.003110282,0.0009384823,0.0000326918,0.0530215118,0.0531186959,0.0506174053,0.0006783713,0.0002077246,8.347278E-6,0.0109038599,0.0109353708,0.0110306835
ABUR,2019,1-Winter,0.000077556,0.0000269866,1.1042942E-6,0.0460396544,0.0457492069,0.0471460649,0.0000278976,9.3133424E-6,4.0163088E-7,0.0078677433,0.0079532113,0.0083619527
ABUR,2019,2-Spring,0.0004520711,0.0001391924,6.369263E-6,0.0638270041,0.0636657537,0.0605858165,0.0000543186,0.0000177156,1.0580408E-6,0.0039220633,0.003997005,0.0042695096
ABUR,2019,3-Summer,0.0010094315,0.0003010011,0.0000105345,0.0269500004,0.0266211007,0.0277465158,0.0001608983,0.0000485286,1.9577649E-6,0.0035132148,0.0036159614,0.0042478782
ABUR,2019,4-Autumn,0.0010269228,0.0003805782,0.0000156485,0.0267943155,0.029192836,0.0301106602,0.0001688098,0.0000597549,2.9451607E-6,0.0038635718,0.003879528,0.0040086306
ABUR,2020,1-Winter,0.000884664,0.0002722581,7.023788E-6,0.0583858878,0.0556621481,0.0492069953,0.0001984845,0.0000659215,2.244578E-6,0.0114384466,0.0117773343,0.0116992665
ABUR,2020,3-Summer,0.0000470427,0.0000139842,4.5049228E-7,0.0376058437,0.0364734238,0.0387061627,8.6053823E-6,2.6651211E-6,8.9784057E-8,0.0065080399,0.0065320575,0.0065910219
ABUR,2020,4-Autumn,0.0001952667,0.0000542684,2.9351594E-6,0.0507922148,0.0502046811,0.0563231153,0.0000439559,0.0000124929,7.5312097E-7,0.0068164968,0.0068378922,0.0071568451
ABUR,2021,1-Winter,0.0004961647,0.0001330513,9.3613519E-6,0.0444020478,0.0439081743,0.0479555418,0.0001021526,0.0000279466,1.9181921E-6,0.0065319882,0.0066118798,0.0066377422
ABUR,2021,2-Spring,0.0007456331,0.000238741,0.0000164882,0.0279938925,0.0300684743,0.0272215837,0.0001443363,0.000047295,4.4364792E-6,0.0038734678,0.0040136404,0.0045673853
ABUR,2021,3-Summer,0.0008848715,0.0002747455,0.0000161467,0.022695798,0.0221002724,0.0269257019,0.0002503974,0.0000798155,5.1440238E-6,0.0048301832,0.0048295628,0.0052257138
ABUR,2021,4-Autumn,0.0003475191,0.0000932448,5.6254859E-6,0.0753830685,0.0765380351,0.0789734848,0.0000783123,0.000020635,1.2960658E-6,0.0138211348,0.0138440418,0.0139359388
ABUR,2022,1-Winter,0.0006645073,0.0001690066,0.0000145393,0.0531304088,0.0514367478,0.0552278264,0.0001331767,0.0000336651,3.4553822E-6,0.0077312398,0.0077606636,0.0080594453
ABUR,2022,2-Spring,0.000746374,0.0001945817,0.0000148111,0.0422003503,0.0434657139,0.0401644061,0.0001516422,0.000038572,3.5876524E-6,0.0079081417,0.0079613384,0.0079627123
ABUR,2022,3-Summer,0.000449458,0.0001484262,4.6247946E-6,0.0274205327,0.0286036037,0.0223588527,0.0001201436,0.000039144,1.8202439E-6,0.0041291252,0.0042481727,0.0045569306
ABUR,2022,4-Autumn,0.0008316206,0.0002186415,0.0000146667,0.0551055285,0.052218445,0.0576839061,0.0002036627,0.0000549722,3.8860499E-6,0.0074615568,0.0074628949,0.0078280148
ABUR,2023,1-Winter,0,0,0,-99999,-99999,-99999,0,0,0,-99999,-99999,-99999
ABUR,2023,2-Spring,-99999,-99999,-99999,-99999,-99999,-99999,-99999,-99999,-99999,-99999,-99999,-99999
ABUR,2023,3-Summer,0,0,0,-99999,-99999,-99999,0,0,0,-99999,-99999,-99999
ABUR,2023,4-Autumn,0,0,0,-99999,-99999,-99999,0,0,0,-99999,-99999,-99999
ABUR,2024,1-Winter,-99999,-99999,-99999,-99999,-99999,-99999,-99999,-99999,-99999,-99999,-99999,-99999
AQUE,2002,3-Summer,0.0377126224,0.0091339458,0.0003613919,0.0328914951,0.0298015574,0.0280809971,0.0039754521,0.00110672,0.0000582296,0.003026778,0.0031231166,0.0036434376
AQUE,2002,4-Autumn,0.017273224,0.004518455,0.0003850787,0.0221024954,0.0222902726,0.0295762768,0.0023778529,0.0006383712,0.0000640862,0.0031004735,0.0031628107,0.00358168
AQUE,2003,1-Winter,0.0080801419,0.0022546196,0.0001943496,0.0329942126,0.0342768081,0.0356782232,0.001146984,0.0003209038,0.0000311224,0.0036999092,0.0038015458,0.0041392863
AQUE,2003,2-Spring,0.0157466282,0.0049069692,0.0004789513,0.0334657846,0.0340355454,0.0354016965,0.0015308007,0.0005058031,0.0000623422,0.0024534569,0.0025449966,0.0030053918
AQUE,2003,3-Summer,0.017276408,0.005716163,0.0004845984,0.0264035749,0.0271938173,0.0252913029,0.0016043234,0.0005913174,0.0000732119,0.0020475284,0.0022140909,0.0028294427
AQUE,2003,4-Autumn,0.0176762073,0.0046465538,0.0003436233,0.0255587321,0.023208688,0.0207656326,0.0019071288,0.0005790852,0.0000579598,0.0024888476,0.0026330101,0.0030455072
AQUE,2004,1-Winter,0.0178704172,0.0043483283,0.0003926033,0.0447616837,0.0447892475,0.0436928402,0.0028233851,0.0007185447,0.0000756947,0.0063443575,0.0063276943,0.0067130144
AQUE,2004,2-Spring,0.0149467856,0.004257917,0.0003391836,0.0459718604,0.047165196,0.0513854654,0.002078042,0.00061889,0.0000612131,0.0048800908,0.0049868389,0.0054014653
AQUE,2004,3-Summer,0.0120190012,0.0036463093,0.0001805003,0.0256226272,0.0255136299,0.0201059551,0.0014098218,0.0004676743,0.0000329531,0.002452108,0.002613378,0.0031488274
AQUE,2004,4-Autumn,0.0138842195,0.0036475561,0.0001808417,0.0328353663,0.0313565952,0.0334019615,0.0017430515,0.0004944028,0.0000281407,0.0036321302,0.0036838364,0.0040188306
AQUE,2005,1-Winter,0.0082288987,0.0020276193,0.0001376255,0.0327228456,0.0325532961,0.0355757252,0.0013667079,0.0003554102,0.000023957,0.0047265151,0.0048384314,0.0051579635
AQUE,2005,2-Spring,0.0091019836,0.0024422328,0.0002716221,0.0317602932,0.0324619065,0.0369047159,0.0007139578,0.0002095569,0.000034324,0.0020056802,0.0021859387,0.0028353103
AQUE,2005,3-Summer,0.0172127927,0.0044869341,0.0003146517,0.0301809023,0.0297450682,0.0245368712,0.0016016838,0.0004572963,0.0000477541,0.0022097758,0.0023026484,0.0028441216
AQUE,2005,4-Autumn,0.009671694,0.0024438417,0.0001665175,0.0333898907,0.033598096,0.0354272479,0.00131132,0.0003571253,0.0000300655,0.0040865182,0.0041412757,0.0045266456
AQUE,2006,1-Winter,0.0107257724,0.003253848,0.0002360607,0.065288185,0.0668310284,0.0662385063,0.0017006097,0.0005372598,0.0000445369,0.0080877004,0.0080960645,0.0083129551
AQUE,2006,2-Spring,0.0037114247,0.0010498782,0.0000613952,0.0417290997,0.0410495398,0.0371157287,0.000861578,0.0002528033,0.0000184674,0.0072487949,0.0072774399,0.0077086249
AQUE,2006,3-Summer,0.0078559834,0.0023350745,0.0000825573,0.0375225556,0.0381685711,0.0345107086,0.0007940532,0.0002529976,0.0000124528,0.0030044213,0.0031384197,0.0035290418
AQUE,2006,4-Autumn,0.0157972928,0.0048758008,0.0001816633,0.0264459669,0.0269310007,0.0278772169,0.001293884,0.0004496663,0.0000262689,0.0016046824,0.0017514836,0.00259131
AQUE,2007,1-Winter,0.0213600444,0.005364372,0.0003682699,0.0297981182,0.0271803497,0.0331246915,0.0019680829,0.0005790563,0.00004504,0.002533509,0.0026342932,0.0030849241
AQUE,2007,2-Spring,0.016918908,0.0041583367,0.0003882735,0.0228658927,0.0238108328,0.0250389264,0.0017148912,0.0004463074,0.0000545628,0.0021531264,0.0023244623,0.0026324068
AQUE,2007,3-Summer,0.009173821,0.0029061327,0.0000947334,0.0257355136,0.0278402733,0.0199021907,0.000851073,0.0002794638,0.0000171469,0.0020691602,0.0021902019,0.0026369378
AQUE,2007,4-Autumn,0.0119101982,0.0027972201,0.0002249966,0.0346873342,0.0311195773,0.0399558899,0.0015808506,0.0004194087,0.0000366157,0.0046346635,0.0046854992,0.0049800124
AQUE,2008,1-Winter,0.0127352882,0.0030753652,0.0002849805,0.0569472133,0.0580311972,0.0592779501,0.0016144691,0.0003990159,0.0000452782,0.0064728715,0.00652118,0.0067186188
AQUE,2008,2-Spring,0.0089328315,0.0023201577,0.0001613002,0.0341179491,0.0343471291,0.0299226072,0.0006241081,0.0001888337,0.0000206027,0.0018747186,0.0020132583,0.0027040628
AQUE,2008,3-Summer,0.0115466556,0.0039189633,0.0001224577,0.0263154344,0.0287416898,0.0222615457,0.0010435524,0.0003862992,0.0000209528,0.0021497248,0.0023222242,0.0031277528
AQUE,2008,4-Autumn,0.0164283882,0.0050119075,0.000227607,0.035203162,0.0341196826,0.0387380115,0.0013793096,0.000476545,0.0000281823,0.0026700969,0.0027292047,0.0032014158
AQUE,2009,1-Winter,0.0203537153,0.0052020664,0.0004141851,0.0320441375,0.0304166321,0.0372261425,0.0021710099,0.0006066654,0.0000627031,0.0028797125,0.0029810349,0.0034639981
AQUE,2009,2-Spring,0.0160953484,0.0047888475,0.0003589174,0.0272230815,0.0295375615,0.0239777024,0.0019355305,0.0005805427,0.0000626118,0.0027925126,0.0028881647,0.0032469495
AQUE,2009,3-Summer,0.0058943636,0.0019226554,0.0000806779,0.024305493,0.0237539084,0.0227542665,0.0007250468,0.0002597413,0.0000155308,0.0026853364,0.0027633592,0.0032527675
AQUE,2009,4-Autumn,0.0114881582,0.0036995594,0.0001526473,0.0502509043,0.050832602,0.0491966877,0.0012717034,0.0004317216,0.0000227266,0.0046962193,0.0047522358,0.0050528592
AQUE,2010,1-Winter,0.0057373063,0.0019297316,0.0001099191,0.0543190996,0.0555422177,0.0607501002,0.0009698731,0.0003289968,0.0000196578,0.0091708424,0.0091914455,0.0093501467
AQUE,2010,2-Spring,0.0015008195,0.0004419317,0.0000375978,0.073845568,0.0716981245,0.0732020923,0.0002733849,0.0000825879,7.7550117E-6,0.0091301091,0.0091377997,0.0093275877
AQUE,2010,3-Summer,0.003597462,0.0011071844,0.0000577453,0.0841610504,0.0845871996,0.0800300684,0.0003256604,0.0001098285,7.2718128E-6,0.0066670705,0.0067135007,0.0069323686
AQUE,2010,4-Autumn,0.0060535759,0.0017669441,0.0001329477,0.0492071167,0.0486736941,0.0535996871,0.001101114,0.0003406715,0.0000284554,0.0078493923,0.007957759,0.0081364037
AQUE,2011,1-Winter,0.0002094708,0.0000663127,4.9086617E-6,0.0343360659,0.0372691109,0.0345213633,0,0,0,0,0,0
AQUE,2011,2-Spring,0,0,0,-99999,-99999,-99999,0,0,0,-99999,-99999,-99999
AQUE,2011,3-Summer,0,0,0,-99999,-99999,-99999,0,0,0,-99999,-99999,-99999
AQUE,2011,4-Autumn,0,0,0,-99999,-99999,-99999,0,0,0,-99999,-99999,-99999
AQUE,2012,1-Winter,0,0,0,-99999,-99999,-99999,0,0,0,-99999,-99999,-99999
AQUE,2012,2-Spring,0,0,0,-99999,-99999,-99999,0,0,0,-99999,-99999,-99999
AQUE,2012,3-Summer,0.0037007815,0.0010232342,0.0000394359,0.0703476895,0.0695974384,0.0624544693,0.0002284797,0.0000759246,4.9760653E-6,0.0019816755,0.0021540552,0.0030211319
AQUE,2012,4-Autumn,0.0097008784,0.0028926608,0.0001351431,0.0300642303,0.0316394052,0.0349651256,0.0010129054,0.000305899,0.0000171292,0.0027905764,0.0029047832,0.0032916339
AQUE,2013,1-Winter,0.0150086439,0.0051443459,0.0003172331,0.0328429097,0.0329725593,0.0340826776,0.0014856629,0.0005413114,0.0000454998,0.0026918288,0.00284142,0.0034781047
AQUE,2013,2-Spring,0.0142779463,0.0040447139,0.0002138256,0.028415695,0.0269001811,0.0256665202,0.0014965689,0.0004599966,0.0000307466,0.002731361,0.0027797158,0.0032358248
AQUE,2013,3-Summer,0.014183007,0.0044866448,0.000134477,0.0334248681,0.0353697285,0.0297119208,0.0014913216,0.000492903,0.0000204458,0.0029926605,0.0030598689,0.0035246761
AQUE,2013,4-Autumn,0.0121901576,0.0035519941,0.0001142164,0.0350297268,0.0341903998,0.0349714562,0.001543771,0.0004818153,0.0000184835,0.0042781796,0.0043826591,0.0046333157
AQUE,2014,1-Winter,0.0072357689,0.002415633,0.0000927619,0.0864640599,0.084410848,0.0888029191,0.0011903384,0.0004062195,0.0000168036,0.0101792684,0.0101366442,0.0102458242
AQUE,2014,2-Spring,0.000353953,0.000098581,5.3105041E-6,0.0629977385,0.0654684806,0.0628146952,0.0000973575,0.0000262445,1.499063E-6,0.0111600998,0.0112322098,0.0113336934
AQUE,2014,3-Summer,0.000054094,0.0000181908,5.9696582E-7,0.1086798151,0.1117693446,0.1045807057,0.0000190775,6.4334224E-6,2.3227437E-7,0.0316663374,0.0317407963,0.0328856229
AQUE,2014,4-Autumn,0,0,0,-99999,-99999,-99999,0,0,0,-99999,-99999,-99999
AQUE,2015,1-Winter,0,0,0,-99999,-99999,-99999,0,0,0,-99999,-99999,-99999
AQUE,2015,2-Spring,0.0002142761,0.0000865476,2.675609E-6,0.0947694101,0.0951935367,0.0863122897,0.0000144247,6.9637417E-6,3.3515622E-7,0.0044411598,0.0049863187,0.0073206153
AQUE,2015,3-Summer,0.0007903586,0.0002881887,7.7775718E-6,0.0466057048,0.0457448788,0.0430128139,0.0000780887,0.0000294091,1.0050651E-6,0.0030103926,0.0030843926,0.0034716184
AQUE,2015,4-Autumn,0.0018790055,0.0007398655,0.0000392493,0.0439409665,0.0447571587,0.0520913003,0.000200357,0.0000815437,5.0893174E-6,0.0045552101,0.0045959644,0.0049493769
AQUE,2016,1-Winter,0.0051073899,0.0018350288,0.0001294611,0.0455768817,0.044389351,0.0460454555,0.0005675631,0.0002156024,0.000017898,0.0042888955,0.0043468465,0.0044767654
AQUE,2016,2-Spring,0.0100600158,0.0035759341,0.0002008742,0.0378984816,0.0379200152,0.0349900879,0.0009317307,0.0003443088,0.0000284411,0.0026650757,0.0027423758,0.0031141014
AQUE,2016,3-Summer,0.0087463972,0.0028332948,0.000147906,0.0346053605,0.0332309575,0.0332389836,0.0011723543,0.0003984643,0.0000244569,0.0041794005,0.0042215285,0.0044567638
AQUE,2016,4-Autumn,0.0059855577,0.0019541528,0.0000743719,0.0351887641,0.0340229854,0.0326525773,0.0009275885,0.0003261206,0.000014174,0.0044864553,0.0045487545,0.0046909255
AQUE,2017,1-Winter,0.0021332003,0.0005585412,0.0000376012,0.0437184661,0.0444610021,0.0507040245,0.0003740838,0.0001026607,6.9442382E-6,0.0068837328,0.006926192,0.0071449932
AQUE,2017,2-Spring,0.0019189682,0.0005976878,0.0000456967,0.0433703282,0.0439946814,0.0433699428,0.0002590938,0.0000854774,8.7850516E-6,0.0029434425,0.0030692479,0.0036917471
AQUE,2017,3-Summer,0.0019881124,0.0006529763,0.0000177849,0.0242833584,0.0245887617,0.0186267127,0.0002369366,0.0000900107,4.0044179E-6,0.0022905005,0.0025794107,0.0034455462
AQUE,2017,4-Autumn,0.003830977,0.0012453732,0.0000440395,0.0354452465,0.0366287894,0.0377267802,0.000527987,0.0001784588,7.8384865E-6,0.0039587196,0.0040418149,0.0044988513
AQUE,2018,1-Winter,0.0034228618,0.0009700032,0.0000715966,0.026252221,0.0260320079,0.0356633345,0.0003167788,0.0001072838,0.0000106819,0.0018424482,0.0019011668,0.0027007754
AQUE,2018,2-Spring,0.0048997592,0.0014207357,0.0001203108,0.0251649882,0.0259125509,0.0268536007,0.0005914787,0.0001925887,0.0000204793,0.0021642057,0.0023308575,0.0028457699
AQUE,2018,3-Summer,0.0036953852,0.0011278299,0.000056916,0.0275246119,0.0271551863,0.0208893487,0.0004667085,0.0001498995,0.0000123588,0.0029639146,0.0030575514,0.0035128069
AQUE,2018,4-Autumn,0.0039349298,0.0011851141,0.0000450029,0.0472201061,0.0472433567,0.046965531,0.0005871005,0.0001839429,8.2440935E-6,0.006198864,0.0062203199,0.0065126638
AQUE,2019,1-Winter,0.0020031363,0.0006730387,0.0000381916,0.0486331946,0.0495369017,0.0543866137,0.0003303685,0.0001121045,6.7014819E-6,0.0068342578,0.006858508,0.007096062
AQUE,2019,2-Spring,0.0019249598,0.0006200383,0.0000508604,0.0357324358,0.0358205919,0.0371838671,0.0002604377,0.000092644,9.8198259E-6,0.0030903011,0.0032639437,0.0039447723
AQUE,2019,3-Summer,0.0043275007,0.0012893631,0.0000641437,0.0383076405,0.0385469185,0.0425563143,0.0004572315,0.0001474377,9.5471242E-6,0.0030392336,0.0032243608,0.0037960834
AQUE,2019,4-Autumn,0.0092020581,0.0034584243,0.0001444217,0.059382934,0.0625349735,0.0604120466,0.0011440936,0.0004513682,0.0000223631,0.0063973121,0.0064840129,0.0066511585
AQUE,2020,1-Winter,0.0056250491,0.0017979521,0.0001030698,0.0403768615,0.036414076,0.0391160922,0.0006545659,0.0002355942,0.0000155189,0.0044336513,0.0044153638,0.0049223531
AQUE,2020,3-Summer,0.0086829124,0.002363266,0.0001364706,0.0342332755,0.0341585451,0.0354489388,0.0008441097,0.0002419807,0.0000201021,0.0026193304,0.0026395098,0.0029446572
AQUE,2020,4-Autumn,0.0075556613,0.0020935882,0.0000979343,0.0393348668,0.0387895359,0.0419947688,0.0011374191,0.0003315965,0.0000180005,0.0056901818,0.005756292,0.0059253167
AQUE,2021,1-Winter,0.0010187736,0.0002819443,0.0000208755,0.0424098083,0.0441478542,0.0462923794,0.0002375677,0.000062423,4.6562763E-6,0.0064092641,0.0064613494,0.006702054
AQUE,2021,2-Spring,0.0012718702,0.0003914562,0.0000271431,0.0410222987,0.0414732203,0.039454576,0.0000996703,0.0000355199,4.2950159E-6,0.003199792,0.0033165882,0.0036970748
AQUE,2021,3-Summer,0.0055198362,0.0016766928,0.000066462,0.0735105818,0.0732269958,0.0650008071,0.0009165738,0.0002907988,0.0000144053,0.0110106367,0.0110297674,0.0112748131
AQUE,2021,4-Autumn,0.0028065582,0.000777577,0.000039856,0.0527240924,0.0517901758,0.0582097486,0.0004240201,0.0001235154,6.7578659E-6,0.0076471146,0.0077275972,0.0078281396
AQUE,2022,1-Winter,0.0022481647,0.0006136917,0.0000442119,0.0366872924,0.0364583343,0.0409178575,0.0002535908,0.0000741865,6.4806145E-6,0.0033236502,0.0034501524,0.0036522528
AQUE,2022,2-Spring,0.003745167,0.0010123319,0.0000821503,0.035112777,0.0352493193,0.0337511842,0.0004520832,0.0001276046,0.0000143318,0.0026618404,0.0027220271,0.0033128203
AQUE,2022,3-Summer,0.0035912355,0.0010042638,0.0000607335,0.0216707796,0.0221989608,0.0208298739,0.000499202,0.0001435074,0.0000124787,0.0023531669,0.0024687408,0.0029367435
AQUE,2022,4-Autumn,0.0026536099,0.0008674995,0.0000519869,0.0249777367,0.0263427497,0.025276868,0.0004898703,0.000158049,0.0000126407,0.0037856613,0.0039716028,0.004472345
AQUE,2023,1-Winter,0,0,0,-99999,-99999,-99999,0,0,0,-99999,-99999,-99999
AQUE,2023,2-Spring,0,0,0,-99999,-99999,-99999,0,0,0,-99999,-99999,-99999
AQUE,2023,3-Summer,0,0,0,-99999,-99999,-99999,0,0,0,-99999,-99999,-99999
AQUE,2023,4-Autumn,0,0,0,-99999,-99999,-99999,0,0,0,-99999,-99999,-99999
AQUE,2024,1-Winter,0,0,0,-99999,-99999,-99999,0,0,0,-99999,-99999,-99999
MOHK,2002,3-Summer,0.0472650499,0.0129490935,0.0007523534,0.0347958527,0.0365012435,0.0318663121,0.0047989981,0.0013441842,0.0001127074,0.0027188675,0.0027980124,0.0031639295
MOHK,2002,4-Autumn,0.0228307052,0.0057428313,0.0003630316,0.0333819035,0.0320941359,0.0395706527,0.0046590927,0.0012548121,0.0000734157,0.0062280732,0.006277026,0.0065404063
MOHK,2003,1-Winter,0.0088342679,0.0024691653,0.0001767653,0.0416297232,0.0440851383,0.0430630782,0.0017738496,0.0004846893,0.0000399252,0.0061027081,0.0061978923,0.0064341004
MOHK,2003,2-Spring,0.0068627397,0.0022136221,0.000148284,0.04079304,0.0406658437,0.0373716023,0.0008462309,0.0002840386,0.0000237848,0.0045543092,0.0046160156,0.004938882
MOHK,2003,3-Summer,0.0126867779,0.0042689614,0.0003053688,0.033102083,0.0341507732,0.0361789376,0.0010532288,0.00039442,0.000042108,0.0021381001,0.002260169,0.0029368894
MOHK,2003,4-Autumn,0.0194827127,0.0054158483,0.000323657,0.0305920473,0.0277186403,0.0270535091,0.0021629995,0.0006921691,0.0000528147,0.003141669,0.0032434387,0.0037196898
MOHK,2004,1-Winter,0.0119405708,0.0031041142,0.000229921,0.0266814742,0.026261805,0.0245126924,0.0020920205,0.0005646533,0.0000464703,0.0044017597,0.0043828886,0.0042144225
MOHK,2004,2-Spring,0.0090512812,0.0023581221,0.0001522349,0.0425690145,0.0432024642,0.0444977378,0.0009668869,0.0002621876,0.000021244,0.0040164941,0.004099847,0.0043623072
MOHK,2004,3-Summer,0.015058126,0.0043894529,0.0002428526,0.0346693588,0.035752151,0.0339699475,0.0016095986,0.0004982325,0.0000354584,0.0029411492,0.0030135094,0.0034083616
MOHK,2004,4-Autumn,0.0166563084,0.004408982,0.0002434301,0.0392488736,0.0381014151,0.0384720147,0.0019324544,0.0005607603,0.0000387121,0.0043404086,0.0044067425,0.0046491352
MOHK,2005,1-Winter,0.0127796765,0.0034362886,0.0001971281,0.0550333254,0.0540893915,0.0547136393,0.0022696665,0.0006193813,0.0000380095,0.0083590399,0.0083731025,0.008675666
MOHK,2005,2-Spring,0.0079147099,0.0021081335,0.0001828994,0.0370813377,0.0380623486,0.0414906739,0.0006933132,0.0001992127,0.0000217147,0.0023571083,0.0025311062,0.003062017
MOHK,2005,3-Summer,0.011877299,0.0032946735,0.0002079529,0.0298391076,0.0304517563,0.0262531541,0.0012000503,0.0003521899,0.0000326397,0.002476489,0.002581949,0.0029363596
MOHK,2005,4-Autumn,0.0084055177,0.0022382979,0.0001280225,0.0269328538,0.0261647836,0.0269530593,0.0011276996,0.0003256224,0.0000229412,0.0040726263,0.00416639,0.0044123031
MOHK,2006,1-Winter,0.0016671957,0.0004417573,0.0000229765,0.0307258215,0.0312075338,0.0313494146,0.0005215421,0.0001402937,8.2101053E-6,0.005759412,0.0058205622,0.0060398725
MOHK,2006,2-Spring,0.0019602503,0.0005571388,0.0000298859,0.0438704638,0.0445981173,0.0433433677,0.0001781739,0.0000563708,4.1349387E-6,0.003158849,0.0032230744,0.0037128853
MOHK,2006,3-Summer,0.0088711682,0.0025784074,0.0000879677,0.0405287329,0.0403583641,0.035422257,0.0006082041,0.0002081015,0.0000108619,0.0021537175,0.0022461007,0.0027848461
MOHK,2006,4-Autumn,0.0228980721,0.0070590161,0.0003451092,0.033710543,0.0345158705,0.0395126377,0.0023328478,0.0007968518,0.0000516804,0.0028631055,0.0030168961,0.0034534682
MOHK,2007,1-Winter,0.032062868,0.0087964743,0.0006918307,0.0411527212,0.039337318,0.0441959188,0.0028251317,0.0008538837,0.0000837023,0.0031551796,0.0032314922,0.0036330127
MOHK,2007,2-Spring,0.0337171811,0.0082214303,0.0005767439,0.0351077792,0.0347724822,0.0330143655,0.002997864,0.0008061545,0.0000780715,0.002689386,0.0027750795,0.0032940189
MOHK,2007,3-Summer,0.0181021166,0.0047048922,0.0002310353,0.0288151678,0.0290156043,0.0236588567,0.0020092305,0.0005474378,0.0000371484,0.0029778183,0.0030584463,0.0035241959
MOHK,2007,4-Autumn,0.0146572606,0.0037681708,0.0002719691,0.0367424305,0.0366233968,0.0423773737,0.0017242274,0.0004820248,0.0000420366,0.0048382496,0.0048801699,0.0052466707
MOHK,2008,1-Winter,0.0064727856,0.0016564718,0.0001311394,0.0517717683,0.0530957952,0.0546447342,0.0010050255,0.0002603014,0.0000216803,0.007392961,0.0073880729,0.0075663098
MOHK,2008,2-Spring,0.0085974631,0.0025099811,0.0001598245,0.0518645403,0.0517340278,0.0485398348,0.0007892047,0.0002454732,0.0000220056,0.0032435995,0.0033120974,0.0036787896
MOHK,2008,3-Summer,0.0125619639,0.0038349848,0.0001557479,0.0317415768,0.0322125554,0.028364264,0.0009759588,0.0003224554,0.0000210411,0.0021116518,0.0022168715,0.002810491
MOHK,2008,4-Autumn,0.028934017,0.0099877953,0.0005745744,0.0397902622,0.0412360396,0.0456833042,0.0029527773,0.0010516485,0.0000747581,0.0037210659,0.0037914173,0.0042893554
MOHK,2009,1-Winter,0.0343620872,0.0091680726,0.000828987,0.0360578232,0.0333642894,0.0379352629,0.0031262523,0.0009403243,0.0001116327,0.0027205113,0.0027933386,0.0033254016
MOHK,2009,2-Spring,0.0445181402,0.011482662,0.0009129927,0.0420078059,0.0415643721,0.0357347076,0.0043226085,0.0011676837,0.0001325248,0.0035627889,0.0036292079,0.0039290604
MOHK,2009,3-Summer,0.0162189784,0.0046721347,0.0002390784,0.0353752939,0.0367482248,0.0365149932,0.0023293595,0.0006823262,0.0000438826,0.0046096023,0.0046831023,0.0050604761
MOHK,2009,4-Autumn,0.0104079558,0.0028857122,0.0001479936,0.0503191742,0.0497400775,0.0507810275,0.0011679054,0.0003434622,0.0000219415,0.0051578335,0.0052242464,0.0055734007
MOHK,2010,1-Winter,0.0036844793,0.0011206857,0.0000728627,0.0382849924,0.0391650919,0.0418852264,0.0007442103,0.0002278123,0.0000155621,0.0074207312,0.0074109899,0.0073671195
MOHK,2010,2-Spring,0.0008726689,0.000283374,0.0000236474,0.0451253072,0.0459058153,0.0440138603,0.0001387351,0.0000470008,4.7461929E-6,0.0050501053,0.0051555391,0.0053881831
MOHK,2010,3-Summer,0.0081938467,0.0027621369,0.0001834762,0.0474695906,0.0478989992,0.048932849,0.0005203365,0.0002166218,0.0000252771,0.0014569845,0.0016203594,0.0024978563
MOHK,2010,4-Autumn,0.011403228,0.0039390484,0.0003066681,0.0255144232,0.0255325315,0.0271117066,0.0009890403,0.0003739777,0.0000425955,0.0019292705,0.0020363006,0.0026666846
MOHK,2011,1-Winter,0.0232675445,0.0063600062,0.0004810345,0.037421012,0.0341106935,0.0343807022,0.0023089354,0.0006800825,0.0000698629,0.0030480986,0.0031661055,0.0036405659
MOHK,2011,2-Spring,0.034853617,0.0102890741,0.0007304722,0.0384230672,0.0398262483,0.0371475511,0.0034276353,0.0010843308,0.0001033162,0.0033756011,0.0034393074,0.0037919671
MOHK,2011,3-Summer,0.0258181646,0.0072086319,0.0003457328,0.0287238394,0.0262140329,0.0243990497,0.0026695085,0.0008530513,0.0000545322,0.0025899455,0.0026899287,0.0031516808
MOHK,2011,4-Autumn,0.0158226201,0.0045635604,0.0003091512,0.0260272707,0.0292732408,0.0319680787,0.0016645619,0.0004866251,0.0000430895,0.002416906,0.0025605052,0.0030713893
MOHK,2012,1-Winter,0.0183264123,0.0059063893,0.0004638935,0.03282902,0.0330011116,0.0355873228,0.0020643781,0.0007145194,0.0000675012,0.0035600054,0.0036329554,0.0039552112
MOHK,2012,2-Spring,0.0136553959,0.0034757212,0.0002001796,0.0283925835,0.0271640348,0.020736327,0.0015282577,0.0004427318,0.000040885,0.0027223808,0.0027042411,0.0031846442
MOHK,2012,3-Summer,0.0078248955,0.0023962105,0.0000760774,0.0235638425,0.0246144661,0.0216506068,0.0009817081,0.0003078752,0.0000135158,0.0028133159,0.0029062738,0.0032693652
MOHK,2012,4-Autumn,0.0090943906,0.0030800623,0.0001599176,0.0426192206,0.0419938803,0.0490361122,0.0012404437,0.0004516009,0.0000251437,0.0055408185,0.0055982922,0.005858218
MOHK,2013,1-Winter,0.0065867749,0.0022622953,0.000166045,0.0315034064,0.0339542919,0.0333347525,0.0007914328,0.0002842708,0.0000288738,0.0030018404,0.0030904991,0.0035533627
MOHK,2013,2-Spring,0.0043373685,0.0012912396,0.0000554392,0.027743541,0.02654458,0.0214700294,0.0005754432,0.0001988925,0.0000136496,0.0034731355,0.0035552597,0.0040096065
MOHK,2013,3-Summer,0.0067305704,0.0020193736,0.0000803318,0.0226733895,0.022200892,0.0211123819,0.0006485213,0.0002246795,0.0000165632,0.0014346558,0.0016620293,0.002787037
MOHK,2013,4-Autumn,0.0056433514,0.0016261377,0.0000468596,0.0210829102,0.0212240483,0.0174269757,0.0006320678,0.0002052351,9.4053139E-6,0.0020689271,0.0022853459,0.0029823656
MOHK,2014,1-Winter,0.0074899896,0.0021529066,0.0001155154,0.0295688942,0.0306159414,0.0400998962,0.0012625076,0.0003780388,0.000021838,0.0043085227,0.0044476139,0.0049944562
MOHK,2014,2-Spring,0.0061735141,0.0020558898,0.0000806337,0.0368124017,0.0371811778,0.0313020371,0.0005292006,0.0001881451,0.0000122058,0.002031008,0.0021543043,0.002950763
MOHK,2014,3-Summer,0.0079158648,0.00313853,0.0000809561,0.0252665113,0.0269732377,0.0261574399,0.000846556,0.0003539794,0.0000124514,0.0023269769,0.0024365495,0.0029999491
MOHK,2014,4-Autumn,0.0104391268,0.0038021446,0.0001640004,0.0252880115,0.0252421086,0.0310604314,0.0011531929,0.000447041,0.0000236943,0.0025847365,0.0026627659,0.003234165
MOHK,2015,1-Winter,0.0179451629,0.0070605608,0.0002812315,0.0399007632,0.039151717,0.0381040904,0.0024597897,0.0010455269,0.0000502328,0.0051294252,0.0051979418,0.0055209024
MOHK,2015,2-Spring,0.0179221269,0.0063241075,0.0003108468,0.0338192841,0.0335993196,0.034422048,0.0016821503,0.0006417515,0.000044604,0.0029967611,0.0030548615,0.003602633
MOHK,2015,3-Summer,0.0170025032,0.0059232698,0.000155964,0.0267507547,0.0269896771,0.0212097198,0.002483261,0.0009170573,0.0000349588,0.0037672218,0.0038081049,0.0040496422
MOHK,2015,4-Autumn,0.0033909288,0.0011949392,0.0000478728,0.0203830281,0.0192725889,0.0284017911,0.0010450076,0.0003876759,0.0000124173,0.0058959871,0.0058926225,0.0064000744
MOHK,2016,1-Winter,0.0005860591,0.0001868053,0.0000145628,0.0382929852,0.0372794375,0.038389866,0.0002061146,0.0000679773,4.5953236E-6,0.0092333146,0.0090894086,0.0092180717
MOHK,2016,2-Spring,0.0014799255,0.0004797565,0.0000204644,0.0566540135,0.0577688856,0.054103488,0.0001201865,0.0000480934,2.9857992E-6,0.0043899404,0.0044398068,0.0047196045
MOHK,2016,3-Summer,0.0033703106,0.0012569066,0.0000580571,0.0280944438,0.0294135036,0.0306130735,0.0003772333,0.0001509597,8.7388355E-6,0.0020314313,0.0021729893,0.002803011
MOHK,2016,4-Autumn,0.0191457231,0.0059212908,0.0003716601,0.0448660228,0.0426007509,0.0458835565,0.0018692077,0.0006526579,0.0000516912,0.0034377565,0.0035344325,0.0038813621
MOHK,2017,1-Winter,0.0186466075,0.0054733396,0.000396621,0.0461478733,0.0484087311,0.0498826914,0.003801833,0.0010887505,0.000083006,0.0080564881,0.0080759108,0.0082382652
MOHK,2017,2-Spring,0.0150338361,0.0049046804,0.000317369,0.0361661245,0.0354405552,0.0310289225,0.0012088923,0.0004452763,0.000042365,0.0022230256,0.0023608516,0.002857463
MOHK,2017,3-Summer,0.0211102636,0.0066436722,0.0002135617,0.0304692811,0.029692524,0.0271983062,0.0022500068,0.0007697684,0.0000342041,0.0026772184,0.0027922062,0.0031986347
MOHK,2017,4-Autumn,0.0111565338,0.0033002939,0.0001833997,0.026239331,0.0257576641,0.0286478996,0.0014875595,0.0004697807,0.0000299741,0.0030466101,0.0031094191,0.0036188987
MOHK,2018,1-Winter,0.0134596477,0.0040623056,0.0002768746,0.0422580463,0.0423315905,0.0487475655,0.0015693971,0.0005028117,0.0000344356,0.0045298113,0.0046007328,0.0047212847
MOHK,2018,2-Spring,0.0161549014,0.0049894977,0.0002966274,0.0301711417,0.0298512339,0.0255406051,0.0013647971,0.0004751561,0.0000485916,0.00201351,0.002106961,0.0028416137
MOHK,2018,3-Summer,0.0071513143,0.0019785511,0.0001114188,0.0175174794,0.016876765,0.017559396,0.0012316482,0.0003936794,0.0000274071,0.003298668,0.0033840444,0.0037827066
MOHK,2018,4-Autumn,0.0051441507,0.0015505333,0.0000664369,0.0584179167,0.0600715983,0.0578698093,0.0009734854,0.0002970604,0.0000152625,0.0099526997,0.0099857999,0.01015924
MOHK,2019,1-Winter,0.0013684909,0.0004184553,0.0000210038,0.0775332063,0.0767999844,0.0804319867,0.0002308841,0.0000737963,4.1115476E-6,0.0096357779,0.0096620378,0.0098111339
MOHK,2019,2-Spring,0.0058274459,0.0018326946,0.0000954428,0.0614662362,0.0616073377,0.0596260859,0.0003550567,0.000139965,0.0000146843,0.0023449882,0.0024310731,0.0030801108
MOHK,2019,3-Summer,0.009086214,0.0028416171,0.0001252458,0.0170144843,0.0167776196,0.0165304566,0.0007579058,0.0002758565,0.0000212481,0.0012159812,0.0013753991,0.0023695337
MOHK,2019,4-Autumn,0.015704996,0.0046947539,0.0002297155,0.0242845818,0.0236516962,0.0232937712,0.0018540268,0.000606839,0.0000376075,0.0026654708,0.0027363776,0.0031289096
MOHK,2020,1-Winter,0.029451105,0.00822237,0.0002576564,0.0346390603,0.0339802199,0.026744224,0.0025547019,0.0007743927,0.0000372497,0.0027824943,0.0029009355,0.0034387593
MOHK,2020,3-Summer,0.0423082015,0.0114731985,0.0005333622,0.0383233581,0.0382032405,0.0429343668,0.0044893243,0.0012426221,0.000068227,0.0035555889,0.0036012392,0.0037099185
MOHK,2020,4-Autumn,0.0150746155,0.0040857033,0.0002297226,0.0309442996,0.0304678604,0.0351920887,0.0020956101,0.000585366,0.0000369261,0.0040589911,0.0041168118,0.0045640509
MOHK,2021,1-Winter,0.0065837851,0.0018288123,0.0001372551,0.0320244396,0.0334150117,0.0329468572,0.0007461564,0.0002139057,0.0000197742,0.0030601355,0.0031677057,0.0035749851
MOHK,2021,2-Spring,0.0082697679,0.0025262361,0.000198992,0.0289341168,0.0294902743,0.0299694968,0.0008238039,0.0002691535,0.0000285116,0.0020183666,0.0021532018,0.0026809243
MOHK,2021,3-Summer,0.0045542878,0.0015048616,0.000043649,0.0164956264,0.0173105599,0.0103148126,0.0007170353,0.0002661708,0.000015008,0.0023120471,0.0026391747,0.0030559907
MOHK,2021,4-Autumn,0.005474672,0.001521369,0.000088155,0.0367014354,0.0367713296,0.0443809867,0.0007416578,0.0002139378,0.0000127623,0.0045970857,0.0046469468,0.0049482876
MOHK,2022,1-Winter,0.004304777,0.0012650037,0.000084461,0.084854668,0.0846038606,0.0843407004,0.0006454622,0.0001965451,0.0000152136,0.0109705761,0.0110303271,0.01114496
MOHK,2022,2-Spring,0.0017227663,0.0005034395,0.0000338793,0.0711663485,0.0716591233,0.0721764242,0.0002135514,0.0000648601,5.4188163E-6,0.0072390566,0.0072640219,0.0074495601
MOHK,2022,3-Summer,0.0030813261,0.0009478698,0.0000406116,0.0487801205,0.0500394784,0.0383988516,0.0003765583,0.000126971,8.372366E-6,0.0060663178,0.0064034154,0.0073762845
MOHK,2022,4-Autumn,0.0110042478,0.0033234361,0.0002082679,0.0326474003,0.0348631644,0.0356362297,0.0013637817,0.0004680325,0.0000407586,0.0036176634,0.0041297077,0.0058328905
MOHK,2023,1-Winter,-99999,-99999,-99999,-99999,-99999,-99999,-99999,-99999,-99999,-99999,-99999,-99999
MOHK,2023,2-Spring,-99999,-99999,-99999,-99999,-99999,-99999,-99999,-99999,-99999,-99999,-99999,-99999
MOHK,2023,3-Summer,-99999,-99999,-99999,-99999,-99999,-99999,-99999,-99999,-99999,-99999,-99999,-99999
MOHK,2023,4-Autumn,-99999,-99999,-99999,-99999,-99999,-99999,-99999,-99999,-99999,-99999,-99999,-99999
MOHK,2024,1-Winter,-99999,-99999,-99999,-99999,-99999,-99999,-99999,-99999,-99999,-99999,-99999,-99999
