Date,transect,tag,frondlength,bladeposition,bladearea,time_days,PercentofMaxA
7/3/2012,Edge,2,0.97,b,163.36,0,100
7/12/2012,Edge,2,1.02,b,108.38,9,66.34427032
7/16/2012,Edge,2,1.1,b,87.18,13,53.36679726
7/26/2012,Edge,2,1.55,b,82.47,23,50.48359452
8/2/2012,Edge,2,2.25,b,65.97,30,40.38320274
8/10/2012,Edge,2,2.28,b,65.97,38,40.38320274
8/21/2012,Edge,2,4.1,b,58.9,49,36.0553379
8/30/2012,Edge,2,5.2,b,40.06,58,24.52252693
9/15/2012,Edge,2,5.55,b,15.71,74,9.616797258
9/20/2012,Edge,2,5.74,b,0,79,0
9/27/2012,Edge,2,6,b,0,86,0
10/7/2012,Edge,2,1.5,b,0,96,0
10/11/2012,Edge,2,1.5,b,0,100,0
10/21/2012,Edge,2,1.6,b,0,110,0
11/1/2012,Edge,2,0,b,0,121,0
7/3/2012,Edge,3,0.23,b,49.48,0,20.09584924
7/12/2012,Edge,3,1.6,b,204.2,9,82.9339615
7/16/2012,Edge,3,1.7,b,246.22,13,100
7/26/2012,Edge,3,2.7,b,198.71,23,80.70424823
8/2/2012,Edge,3,4.51,b,213.82,30,86.84103647
8/10/2012,Edge,3,3.75,b,220.3,38,89.47282918
8/21/2012,Edge,3,6.03,b,191.95,49,77.95873609
8/30/2012,Edge,3,6.65,b,145.3,58,59.01226545
9/4/2012,Edge,3,6.64,b,98.17,63,39.87084721
9/15/2012,Edge,3,7.05,b,64.4,74,26.15547072
9/20/2012,Edge,3,2.19,b,72.26,79,29.3477378
9/27/2012,Edge,3,2.38,b,7.07,86,2.871415807
10/7/2012,Edge,3,1.9,b,1.57,96,0.637641134
10/11/2012,Edge,3,1.66,b,0,100,0
10/21/2012,Edge,3,1.7,b,0,110,0
11/1/2012,Edge,3,0,b,0,121,0
7/3/2012,Edge,4,0.3,b,43.98,0,31.99941793
7/12/2012,Edge,4,1.09,b,137.44,9,100
7/16/2012,Edge,4,1.6,b,83.84,13,61.00116414
7/26/2012,Edge,4,2.05,b,82.47,23,60.00436554
8/2/2012,Edge,4,3,b,82.47,30,60.00436554
8/10/2012,Edge,4,3.83,b,82.47,38,60.00436554
8/21/2012,Edge,4,4.29,b,58.9,49,42.85506403
8/30/2012,Edge,4,6.45,b,51.05,58,37.14348079
9/4/2012,Edge,4,6.92,b,45.62,63,33.19266589
9/15/2012,Edge,4,8.04,b,0,74,0
9/20/2012,Edge,4,8.37,b,0,79,0
9/27/2012,Edge,4,5.25,b,0,86,0
10/7/2012,Edge,4,5.18,b,0,96,0
10/11/2012,Edge,4,5.1,b,0,100,0
10/21/2012,Edge,4,5.1,b,0,110,0
11/1/2012,Edge,4,0,b,0,121,0
7/3/2012,Edge,5,0.93,b,107.13,0,67.02327327
7/12/2012,Edge,5,1.62,b,118.2,9,73.94894895
7/16/2012,Edge,5,1.62,b,131.32,13,82.15715716
7/26/2012,Edge,5,3.96,b,155.51,23,97.29104104
8/2/2012,Edge,5,3.84,b,159.84,30,100
8/10/2012,Edge,5,4.49,b,131.95,38,82.5513013
8/21/2012,Edge,5,5.98,b,128.81,49,80.58683684
8/30/2012,Edge,5,6.97,b,131.95,58,82.5513013
9/4/2012,Edge,5,6.04,b,109.96,63,68.79379379
9/20/2012,Edge,5,8.1,b,113.1,79,70.75825826
9/27/2012,Edge,5,8.3,b,62.83,86,39.30805806
10/7/2012,Edge,5,8.7,b,61.26,96,38.32582583
10/11/2012,Edge,5,9.15,b,50.27,100,31.4502002
10/21/2012,Edge,5,9,b,0,110,0
11/1/2012,Edge,5,0,b,0,121,0
7/3/2012,Edge,6,0.79,b,80.11,0,94.44706437
7/12/2012,Edge,6,1.22,b,75.4,9,88.89412874
7/16/2012,Edge,6,1.5,b,84.82,13,100
7/26/2012,Edge,6,2,b,77.75,23,91.66470172
8/2/2012,Edge,6,2.75,b,80.11,30,94.44706437
8/10/2012,Edge,6,3.52,b,73.04,38,86.11176609
8/21/2012,Edge,6,4.96,b,73.04,49,86.11176609
8/30/2012,Edge,6,5.82,b,61.26,58,72.22353219
9/4/2012,Edge,6,2.5,b,61.26,63,72.22353219
9/15/2012,Edge,6,1.47,b,35.34,74,41.66470172
9/20/2012,Edge,6,1.3,b,3.14,79,3.701957086
9/27/2012,Edge,6,1.47,b,0,86,0
10/7/2012,Edge,6,0.98,b,0,96,0
10/11/2012,Edge,6,1.01,b,0,100,0
10/21/2012,Edge,6,0,b,0,110,0
11/1/2012,Edge,6,0,b,0,121,0
7/3/2012,Edge,7,0.74,b,100.53,0,86.95614566
7/12/2012,Edge,7,1.25,b,115.61,9,100
7/16/2012,Edge,7,1.12,b,115.61,13,100
7/26/2012,Edge,7,2.43,b,87.96,23,76.08338379
8/2/2012,Edge,7,2.83,b,85.45,30,73.91229132
8/10/2012,Edge,7,3.69,b,74.22,38,64.19859874
8/21/2012,Edge,7,4.61,b,60.87,49,52.65115474
8/30/2012,Edge,7,5.65,b,53.01,58,45.85243491
9/4/2012,Edge,7,5.83,b,33.38,63,28.87293487
9/15/2012,Edge,7,6.22,b,4.71,74,4.074042038
9/20/2012,Edge,7,7.1,b,6.28,79,5.432056051
9/27/2012,Edge,7,7.75,b,0,86,0
10/7/2012,Edge,7,7.8,b,0,96,0
10/11/2012,Edge,7,7.83,b,0,100,0
10/21/2012,Edge,7,7.65,b,0,110,0
11/1/2012,Edge,7,3.5,b,0,121,0
11/20/2012,Edge,7,0,b,0,140,0
7/3/2012,Edge,9,0.41,b,42.41,0,49.0005777
7/12/2012,Edge,9,0.94,b,73.04,9,84.39052571
7/16/2012,Edge,9,0.91,b,85.22,13,98.463316
7/26/2012,Edge,9,2.2,b,84.26,23,97.35413056
8/2/2012,Edge,9,2.64,b,83.41,30,96.37203928
8/10/2012,Edge,9,3.65,b,86.55,38,100
8/21/2012,Edge,9,4.12,b,21.99,49,25.40727903
8/30/2012,Edge,9,5.11,b,11.78,58,13.61062969
9/4/2012,Edge,9,5.11,b,11.78,63,13.61062969
9/15/2012,Edge,9,6.35,b,11.78,74,13.61062969
9/20/2012,Edge,9,7.12,b,11.78,79,13.61062969
9/27/2012,Edge,9,7.25,b,0,86,0
10/7/2012,Edge,9,7.38,b,0,96,0
10/11/2012,Edge,9,7.57,b,0,100,0
10/21/2012,Edge,9,7,b,0,110,0
11/1/2012,Edge,9,7.1,b,0,121,0
11/20/2012,Edge,9,0,b,0,140,0
7/3/2012,Edge,10,0.76,b,35.81,0,50.88816257
7/12/2012,Edge,10,1.45,b,54.98,9,78.12988489
7/16/2012,Edge,10,2,b,56.94,13,80.91516271
7/26/2012,Edge,10,2.7,b,65.97,23,93.74733551
8/2/2012,Edge,10,3.3,b,70.37,30,100
8/10/2012,Edge,10,4.03,b,61.26,38,87.05414239
8/21/2012,Edge,10,5.28,b,59.22,49,84.15517976
8/30/2012,Edge,10,6.12,b,52.78,58,75.00355265
9/4/2012,Edge,10,6.59,b,43.98,63,62.49822368
9/15/2012,Edge,10,9.25,b,21.6,74,30.69489839
9/20/2012,Edge,10,8.6,b,19.63,79,27.89540998
9/27/2012,Edge,10,8.14,b,19.63,86,27.89540998
10/7/2012,Edge,10,7.85,b,14.92,96,21.20221685
10/11/2012,Edge,10,7.7,b,0,100,0
10/21/2012,Edge,10,7,b,0,110,0
11/1/2012,Edge,10,0,b,0,121,0
7/3/2012,Edge,11,0.27,b,46.18,0,65.32748621
7/12/2012,Edge,11,1.19,b,58.32,9,82.50106097
7/16/2012,Edge,11,1.48,b,60.87,13,86.10836045
7/26/2012,Edge,11,2.03,b,70.69,23,100
8/2/2012,Edge,11,2.86,b,65.09,30,92.07808742
8/10/2012,Edge,11,3.64,b,65.97,38,93.3229594
8/21/2012,Edge,11,4.4,b,47.12,49,66.65723582
8/30/2012,Edge,11,5.4,b,30.16,58,42.66515773
9/4/2012,Edge,11,6.92,b,25.53,63,36.11543358
9/15/2012,Edge,11,5.95,b,15.71,74,22.22379403
9/20/2012,Edge,11,7.56,b,15.71,79,22.22379403
9/27/2012,Edge,11,8.12,b,15.71,86,22.22379403
10/7/2012,Edge,11,8.1,b,0.39,96,0.551704626
10/11/2012,Edge,11,8.06,b,0,100,0
10/21/2012,Edge,11,7.5,b,0,110,0
11/1/2012,Edge,11,5.3,b,0,121,0
11/20/2012,Edge,11,0,b,0,140,0
7/3/2012,Edge,12,0.73,b,82.47,0,100
7/12/2012,Edge,12,1.28,b,64.8,9,78.57402692
7/16/2012,Edge,12,1.6,b,50.27,13,60.95549897
7/26/2012,Edge,12,2.6,b,63.93,23,77.51909785
8/2/2012,Edge,12,3.42,b,64.8,30,78.57402692
8/10/2012,Edge,12,4.42,b,51.84,38,62.85922154
8/21/2012,Edge,12,5.78,b,39.27,49,47.61731539
8/30/2012,Edge,12,6.8,b,45.24,58,54.85631139
9/4/2012,Edge,12,7,b,34.56,63,41.90614769
9/15/2012,Edge,12,7.54,b,20.42,74,24.76051898
9/20/2012,Edge,12,7.75,b,8.48,79,10.28252698
9/27/2012,Edge,12,8.07,b,7.85,86,9.518612829
10/11/2012,Edge,12,7.72,b,5.89,100,7.141991027
10/21/2012,Edge,12,7.64,b,0,110,0
11/1/2012,Edge,12,8.05,b,0,121,0
11/20/2012,Edge,12,0,b,0,140,0
7/3/2012,Edge,13,0.57,b,21.36,0,61.80555556
7/12/2012,Edge,13,1.09,b,21.21,9,61.37152778
7/16/2012,Edge,13,1.55,b,20.03,13,57.95717593
7/26/2012,Edge,13,2.27,b,31.42,23,90.91435185
8/2/2012,Edge,13,2.69,b,32.99,30,95.45717593
8/10/2012,Edge,13,3.45,b,34.56,38,100
8/21/2012,Edge,13,3.95,b,21.99,49,63.62847222
8/30/2012,Edge,13,4.77,b,11,58,31.8287037
9/4/2012,Edge,13,5.35,b,7.07,63,20.45717593
9/15/2012,Edge,13,6.05,b,4.71,74,13.62847222
9/20/2012,Edge,13,6.71,b,2.36,79,6.828703704
9/27/2012,Edge,13,6.99,b,4.12,86,11.9212963
10/7/2012,Edge,13,7.5,b,0.92,96,2.662037037
10/11/2012,Edge,13,7.77,b,0.39,100,1.128472222
10/21/2012,Edge,13,7.84,b,0,110,0
11/1/2012,Edge,13,8.05,b,0,121,0
11/20/2012,Edge,13,0,b,0,140,0
7/3/2012,Edge,14,0.47,b,35.81,0,58.83029407
7/12/2012,Edge,14,0.5,b,53.01,9,87.08723509
7/16/2012,Edge,14,0.7,b,58.9,13,96.76359455
7/26/2012,Edge,14,1.15,b,56.55,23,92.90290784
8/2/2012,Edge,14,1.47,b,60.87,30,100
8/10/2012,Edge,14,2.05,b,50.58,38,83.09512075
8/21/2012,Edge,14,2.78,b,43.2,49,70.97092164
8/30/2012,Edge,14,3.13,b,49.09,58,80.64728109
9/15/2012,Edge,14,3.97,b,43.98,74,72.25234106
9/20/2012,Edge,14,4.45,b,32.99,79,54.19747002
9/27/2012,Edge,14,5.1,b,19.36,86,31.8054871
10/7/2012,Edge,14,6.18,b,3.93,96,6.456382454
10/11/2012,Edge,14,6.67,b,2.36,100,3.877115164
10/21/2012,Edge,14,7.95,b,0,110,0
11/1/2012,Edge,14,8.1,b,0,121,0
11/20/2012,Edge,14,0,b,0,140,0
7/3/2012,Edge,15,0.32,b,35.81,0,57.57234727
7/12/2012,Edge,15,0.85,b,60.32,9,96.97749196
7/16/2012,Edge,15,1.02,b,58.43,13,93.93890675
7/26/2012,Edge,15,1.77,b,62.2,23,100
8/2/2012,Edge,15,2.18,b,47.12,30,75.75562701
8/10/2012,Edge,15,3.05,b,55.13,38,88.63344051
8/21/2012,Edge,15,3.92,b,49.09,49,78.92282958
8/30/2012,Edge,15,2.1,b,45.24,58,72.73311897
9/4/2012,Edge,15,2.34,b,52.39,63,84.22829582
9/15/2012,Edge,15,1.99,b,26.55,74,42.68488746
9/20/2012,Edge,15,2.01,b,18.14,79,29.16398714
9/27/2012,Edge,15,1.98,b,15.82,86,25.4340836
10/7/2012,Edge,15,1.99,b,7.42,96,11.92926045
10/11/2012,Edge,15,2,b,0,100,0
10/21/2012,Edge,15,0,b,0,110,0
7/3/2012,Edge,16,0.37,b,27.49,0,54.85930952
7/12/2012,Edge,16,0.66,b,46.65,9,93.09519058
7/16/2012,Edge,16,0.79,b,46.65,13,93.09519058
7/26/2012,Edge,16,1.45,b,46.65,23,93.09519058
8/2/2012,Edge,16,1.95,b,50.11,30,100
8/10/2012,Edge,16,2.75,b,39.74,38,79.30552784
8/21/2012,Edge,16,3.25,b,40.61,49,81.04170824
8/30/2012,Edge,16,3.96,b,29.37,58,58.61105568
9/4/2012,Edge,16,4.29,b,30.24,63,60.34723608
9/15/2012,Edge,16,4.83,b,27.65,74,55.17860706
9/20/2012,Edge,16,5.45,b,29.69,79,59.24965077
9/27/2012,Edge,16,6.1,b,25.92,86,51.72620236
10/7/2012,Edge,16,6.5,b,28.9,96,57.67311914
10/11/2012,Edge,16,6.81,b,13.28,100,26.50169627
10/21/2012,Edge,16,6.75,b,14.14,110,28.21792058
11/1/2012,Edge,16,3.35,b,13.52,121,26.98064259
11/20/2012,Edge,16,0,b,0,140,0
7/3/2012,Edge,17,0.54,b,38.8,0,56.78325772
7/12/2012,Edge,17,1.03,b,56.94,9,83.33089419
7/16/2012,Edge,17,1.28,b,58.9,13,86.1993268
7/26/2012,Edge,17,1.94,b,68.33,23,100
8/2/2012,Edge,17,2.67,b,66.05,30,96.66325187
8/10/2012,Edge,17,3.6,b,49.09,38,71.8425289
8/21/2012,Edge,17,4.2,b,62.67,49,91.71666911
8/30/2012,Edge,17,4.25,b,50.89,58,74.47680375
9/4/2012,Edge,17,4.77,b,53.01,63,77.57939412
9/15/2012,Edge,17,6.01,b,21.6,74,31.61129811
9/20/2012,Edge,17,6.78,b,15.17,79,22.20108298
9/27/2012,Edge,17,7.85,b,13.19,86,19.30338065
10/7/2012,Edge,17,7.6,b,12.02,96,17.59110201
10/11/2012,Edge,17,7.22,b,0,100,0
10/21/2012,Edge,17,7.35,b,0,110,0
11/1/2012,Edge,17,0,b,0,121,0
7/3/2012,Edge,18,0.61,b,42.41,0,86.95919623
7/12/2012,Edge,18,1.1,b,39.27,9,80.52081198
7/16/2012,Edge,18,1.55,b,42.41,13,86.95919623
7/26/2012,Edge,18,2.17,b,48.77,23,100
8/2/2012,Edge,18,3.1,b,42.88,30,87.92290342
8/10/2012,Edge,18,3.9,b,40.84,38,83.7400041
8/21/2012,Edge,18,4.72,b,42.41,49,86.95919623
8/30/2012,Edge,18,5.08,b,40.84,58,83.7400041
9/4/2012,Edge,18,5.54,b,37.31,63,76.50194792
9/15/2012,Edge,18,7.02,b,42.41,74,86.95919623
9/20/2012,Edge,18,7.76,b,12.02,79,24.64629895
9/27/2012,Edge,18,8.51,b,11.88,86,24.35923724
10/7/2012,Edge,18,9.5,b,11.35,96,23.27250359
10/11/2012,Edge,18,9.87,b,2.36,100,4.839040394
10/21/2012,Edge,18,9.76,b,0,110,0
11/1/2012,Edge,18,0,b,0,121,0
7/3/2012,Edge,19,0.41,b,37.31,0,54.60266355
7/12/2012,Edge,19,0.63,b,60.48,9,88.51163471
7/16/2012,Edge,19,0.77,b,65.97,13,96.54617298
7/26/2012,Edge,19,0.79,b,68.33,23,100
8/2/2012,Edge,19,0.78,b,61.26,30,89.65315381
8/10/2012,Edge,19,0.75,b,58.9,38,86.1993268
8/21/2012,Edge,19,0.67,b,54.19,49,79.30630763
8/30/2012,Edge,19,0.76,b,54.19,58,79.30630763
9/4/2012,Edge,19,0.74,b,54.19,63,79.30630763
9/15/2012,Edge,19,0.63,b,3.14,74,4.595346114
9/20/2012,Edge,19,0,b,0,79,0
7/3/2012,Edge,20,0.63,b,80.11,0,79.68765543
7/12/2012,Edge,20,0.99,b,100.53,9,100
7/16/2012,Edge,20,1.35,b,77.75,13,77.34009748
7/26/2012,Edge,20,2.61,b,93.46,23,92.96727345
8/2/2012,Edge,20,3.38,b,85.53,30,85.07908087
8/10/2012,Edge,20,4.75,b,72.57,38,72.18740674
8/21/2012,Edge,20,5.69,b,81.09,49,80.66248881
8/30/2012,Edge,20,5.94,b,69.98,58,69.61106138
9/4/2012,Edge,20,6.61,b,57.02,63,56.71938725
9/15/2012,Edge,20,7.36,b,40.21,74,39.99801054
9/20/2012,Edge,20,9.15,b,40.06,79,39.84880135
9/27/2012,Edge,20,9.55,b,10.72,86,10.66348354
10/7/2012,Edge,20,9.5,b,1.57,96,1.561722869
10/11/2012,Edge,20,9.41,b,0,100,0
11/20/2012,Edge,20,0,b,0,140,0
7/3/2012,Edge,2,0.97,m,17.67,0,8.653281097
7/12/2012,Edge,2,1.02,m,108.38,9,53.07541626
7/16/2012,Edge,2,0.99,m,172.79,13,84.61802155
7/26/2012,Edge,2,1.55,m,187.32,23,91.73359452
8/2/2012,Edge,2,2.25,m,197.92,30,96.92458374
8/10/2012,Edge,2,2.28,m,141.37,38,69.23114594
8/21/2012,Edge,2,4.1,m,204.2,49,100
8/30/2012,Edge,2,5.2,m,124.41,58,60.92556317
9/4/2012,Edge,2,5.4,m,75.4,63,36.92458374
9/15/2012,Edge,2,5.55,m,75.4,74,36.92458374
9/20/2012,Edge,2,5.74,m,6.28,79,3.075416259
9/27/2012,Edge,2,6,m,0,86,0
7/3/2012,Edge,3,0.23,m,0,0,0
7/12/2012,Edge,3,1.6,m,278.03,9,48.55147123
7/16/2012,Edge,3,1.7,m,418.22,13,73.03239326
7/26/2012,Edge,3,2.7,m,480.66,23,83.93608662
8/2/2012,Edge,3,4.51,m,572.65,30,100
8/10/2012,Edge,3,3.75,m,546.48,38,95.43001834
8/21/2012,Edge,3,6.03,m,500.3,49,87.3657557
8/30/2012,Edge,3,6.65,m,367.57,58,64.18754911
9/4/2012,Edge,3,6.64,m,360.5,63,62.9529381
9/15/2012,Edge,3,7.05,m,243.87,74,42.58622195
9/20/2012,Edge,3,2.19,m,108.38,79,18.92604558
9/27/2012,Edge,3,2.38,m,0,86,0
10/11/2012,Edge,3,1.66,m,0,100,0
10/21/2012,Edge,3,1.7,m,0,110,0
11/1/2012,Edge,3,0,m,0,121,0
7/3/2012,Edge,4,0.3,m,0,0,0
7/12/2012,Edge,4,1.09,m,134.7,9,56.04793409
7/16/2012,Edge,4,0.89,m,235.62,13,98.04019473
7/26/2012,Edge,4,2.05,m,208.13,23,86.60175592
8/2/2012,Edge,4,3,m,215.98,30,89.86809803
8/10/2012,Edge,4,3.83,m,240.33,38,100
8/21/2012,Edge,4,4.29,m,197.92,49,82.3534307
8/30/2012,Edge,4,6.45,m,202.32,58,84.18424666
9/4/2012,Edge,4,6.92,m,219.91,63,91.50334956
9/15/2012,Edge,4,8.04,m,156.37,74,65.0647027
9/20/2012,Edge,4,8.37,m,112.31,79,46.73157741
9/27/2012,Edge,4,5.25,m,69.55,86,28.93937503
10/7/2012,Edge,4,,m,0,96,0
10/11/2012,Edge,4,5.1,m,0,100,0
10/21/2012,Edge,4,5.1,m,0,110,0
11/1/2012,Edge,4,0,m,0,121,0
7/3/2012,Edge,5,0.93,m,53.72,0,16.91968504
7/12/2012,Edge,5,1.62,m,259.18,9,81.63149606
7/16/2012,Edge,5,1.62,m,317.5,13,100
8/2/2012,Edge,5,3.84,m,270.37,30,85.15590551
8/10/2012,Edge,5,4.49,m,280.78,38,88.43464567
8/21/2012,Edge,5,5.98,m,257.3,49,81.03937008
8/30/2012,Edge,5,6.97,m,267.82,58,84.35275591
9/4/2012,Edge,5,6.04,m,263.5,63,82.99212598
9/15/2012,Edge,5,8.31,m,180.64,74,56.89448819
9/20/2012,Edge,5,8.1,m,141.37,79,44.52598425
9/27/2012,Edge,5,7.98,m,120.64,86,37.99685039
10/7/2012,Edge,5,,m,116.87,96,36.80944882
10/11/2012,Edge,5,9.15,m,0,100,0
10/21/2012,Edge,5,9,m,0,110,0
11/1/2012,Edge,5,0,m,0,121,0
7/3/2012,Edge,6,0.79,m,34.32,0,14.56582633
7/12/2012,Edge,6,1.22,m,204.2,9,86.66496902
7/16/2012,Edge,6,0.97,m,235.62,13,100
7/26/2012,Edge,6,2,m,231.69,23,98.3320601
8/2/2012,Edge,6,2.75,m,215.98,30,91.66454461
8/10/2012,Edge,6,3.52,m,204.2,38,86.66496902
8/21/2012,Edge,6,4.96,m,196.35,49,83.33333333
8/30/2012,Edge,6,5.82,m,176.71,58,74.99787794
9/20/2012,Edge,6,1.3,m,54.98,79,23.33418216
9/27/2012,Edge,6,1.47,m,11.78,86,4.999575588
10/7/2012,Edge,6,0.98,m,0,96,0
10/11/2012,Edge,6,1.01,m,0,100,0
10/21/2012,Edge,6,0,m,0,110,0
11/1/2012,Edge,6,0,m,0,121,0
7/3/2012,Edge,7,0.74,m,20.11,0,9.197347359
7/12/2012,Edge,7,1.25,m,106.03,9,48.49302538
7/16/2012,Edge,7,1.12,m,218.65,13,100
7/26/2012,Edge,7,2.43,m,199.05,23,91.03590213
8/2/2012,Edge,7,2.83,m,193.02,30,88.27806998
8/10/2012,Edge,7,3.69,m,172.79,38,79.02584038
8/21/2012,Edge,7,4.61,m,172.79,49,79.02584038
8/30/2012,Edge,7,5.65,m,141.37,58,64.65584267
9/4/2012,Edge,7,5.83,m,86.39,63,39.51063343
9/15/2012,Edge,7,6.22,m,24.74,74,11.31488681
9/20/2012,Edge,7,7.1,m,21.99,79,10.05716899
10/7/2012,Edge,7,,m,14.14,96,6.466956323
10/11/2012,Edge,7,7.83,m,14.14,100,6.466956323
10/21/2012,Edge,7,7.65,m,0.79,110,0.361308027
11/1/2012,Edge,7,3.5,m,0,121,0
7/3/2012,Edge,9,0.41,m,0,0,0
7/12/2012,Edge,9,0.94,m,66.76,9,51.33015531
7/16/2012,Edge,9,0.91,m,130.06,13,100
7/26/2012,Edge,9,2.2,m,110.84,23,85.22220514
8/2/2012,Edge,9,2.64,m,105.18,30,80.87036752
8/10/2012,Edge,9,3.65,m,107.44,38,82.60802706
8/21/2012,Edge,9,4.12,m,80.58,49,61.9560203
8/30/2012,Edge,9,5.11,m,77.6,58,59.66477011
9/4/2012,Edge,9,5.11,m,71.63,63,55.07458096
9/15/2012,Edge,9,6.35,m,73.12,74,56.22020606
9/20/2012,Edge,9,,m,35.81,79,27.5334461
9/27/2012,Edge,9,7.25,m,30.16,86,23.18929725
10/7/2012,Edge,9,,m,16.02,96,12.31739197
10/11/2012,Edge,9,7.57,m,3.14,100,2.414270337
10/21/2012,Edge,9,7,m,0,110,0
11/1/2012,Edge,9,7.1,m,0,121,0
7/3/2012,Edge,10,0.76,m,35.81,0,21.55800373
7/12/2012,Edge,10,1.45,m,162.58,9,97.87490217
7/16/2012,Edge,10,2,m,166.11,13,100
7/26/2012,Edge,10,2.7,m,162.58,23,97.87490217
8/2/2012,Edge,10,3.3,m,151.97,30,91.48756848
8/10/2012,Edge,10,4.03,m,137.84,38,82.98115707
8/21/2012,Edge,10,5.28,m,95.43,49,57.44988261
8/30/2012,Edge,10,6.12,m,85.77,58,51.63445909
9/4/2012,Edge,10,6.59,m,46.18,63,27.80085486
9/15/2012,Edge,10,9.25,m,36.29,74,21.84696888
9/20/2012,Edge,10,8.6,m,49.48,79,29.78749022
9/27/2012,Edge,10,8.14,m,21.21,86,12.76864728
10/7/2012,Edge,10,,m,17.67,96,10.63752935
10/11/2012,Edge,10,7.7,m,9.61,100,5.785322979
10/21/2012,Edge,10,7,m,0,110,0
11/1/2012,Edge,10,0,m,0,121,0
7/3/2012,Edge,11,0.27,m,40.84,0,25.36488417
7/12/2012,Edge,11,1.19,m,140.19,9,87.06912614
7/16/2012,Edge,11,1.48,m,148.44,13,92.19303149
7/26/2012,Edge,11,2.03,m,158.26,23,98.29203155
8/2/2012,Edge,11,2.86,m,158.65,30,98.53425253
8/10/2012,Edge,11,3.64,m,161.01,38,100
8/21/2012,Edge,11,4.4,m,149.23,49,92.68368424
8/30/2012,Edge,11,5.4,m,149.23,58,92.68368424
9/4/2012,Edge,11,6.92,m,62.83,63,39.02242097
9/15/2012,Edge,11,5.95,m,54.98,74,34.1469474
9/20/2012,Edge,11,7.56,m,37.7,79,23.41469474
9/27/2012,Edge,11,8.12,m,25.92,86,16.09837898
10/7/2012,Edge,11,,m,12.96,96,8.049189491
10/11/2012,Edge,11,5.06,m,5.3,100,3.291721011
10/21/2012,Edge,11,7.5,m,0,110,0
11/1/2012,Edge,11,5.3,m,0,121,0
7/3/2012,Edge,12,0.73,m,60.48,0,29.70822281
7/12/2012,Edge,12,1.28,m,162.58,9,79.8604971
7/16/2012,Edge,12,1.6,m,203.58,13,100
8/2/2012,Edge,12,3.42,m,186.61,30,91.66421063
8/10/2012,Edge,12,4.42,m,182.37,38,89.58149131
8/21/2012,Edge,12,5.78,m,165.4,49,81.24570194
8/30/2012,Edge,12,6.8,m,177.66,58,87.26790451
9/4/2012,Edge,12,7,m,163.36,63,80.24363886
9/15/2012,Edge,12,7.54,m,142.94,74,70.21318401
9/20/2012,Edge,12,7.75,m,15.39,79,7.559681698
9/27/2012,Edge,12,8.07,m,12.25,86,6.0172905
10/7/2012,Edge,12,,m,0,96,0
10/21/2012,Edge,12,7.64,m,0,110,0
11/1/2012,Edge,12,8.05,m,0,121,0
7/3/2012,Edge,13,0.57,m,7.85,0,9.846964375
7/12/2012,Edge,13,1.09,m,71.47,9,89.65127948
7/16/2012,Edge,13,1.55,m,79.72,13,100
7/26/2012,Edge,13,2.27,m,71.47,23,89.65127948
8/2/2012,Edge,13,2.69,m,54.43,30,68.27646764
8/10/2012,Edge,13,3.45,m,63.22,38,79.30255896
8/21/2012,Edge,13,3.95,m,54.43,49,68.27646764
8/30/2012,Edge,13,4.77,m,36.29,58,45.52182639
9/4/2012,Edge,13,5.35,m,32.4,63,40.64224787
9/15/2012,Edge,13,6.05,m,32.4,74,40.64224787
9/20/2012,Edge,13,6.71,m,27.49,79,34.48319117
9/27/2012,Edge,13,6.99,m,7.07,86,8.86853989
10/7/2012,Edge,13,,m,1.57,96,1.969392875
10/11/2012,Edge,13,7.77,m,4.56,100,5.72002007
10/21/2012,Edge,13,7.84,m,0,110,0
11/1/2012,Edge,13,8.05,m,0,121,0
7/3/2012,Edge,14,0.47,m,0,0,0
7/12/2012,Edge,14,0.5,m,6.48,9,5.169525329
7/16/2012,Edge,14,0.7,m,14.14,13,11.28041484
7/26/2012,Edge,14,1.15,m,117.5,23,93.7375349
8/2/2012,Edge,14,1.47,m,114.83,30,91.607499
8/10/2012,Edge,14,2.05,m,125.35,38,100
8/21/2012,Edge,14,2.78,m,105.83,49,84.42760271
8/30/2012,Edge,14,3.13,m,115.66,58,92.26964499
9/4/2012,Edge,14,3.43,m,98.8,63,78.81930594
9/15/2012,Edge,14,3.97,m,110.43,74,88.09732748
9/20/2012,Edge,14,4.45,m,101.71,79,81.14080574
9/27/2012,Edge,14,5.1,m,87.18,86,69.54926207
10/7/2012,Edge,14,,m,76.97,96,61.40406861
10/11/2012,Edge,14,6.67,m,86.55,100,69.04666933
10/21/2012,Edge,14,7.95,m,46.73,110,37.27961707
11/1/2012,Edge,14,8.1,m,0,121,0
7/3/2012,Edge,15,0.32,m,0,0,0
7/12/2012,Edge,15,0.85,m,31.81,9,27.55305327
7/16/2012,Edge,15,1.02,m,70.69,13,61.22996968
7/26/2012,Edge,15,1.77,m,112.7,23,97.61801646
8/2/2012,Edge,15,2.18,m,115.45,30,100
8/10/2012,Edge,15,3.05,m,90.71,38,78.57080987
8/21/2012,Edge,15,3.92,m,86.59,49,75.00216544
8/30/2012,Edge,15,2.1,m,74.22,58,64.28757038
9/4/2012,Edge,15,2.34,m,68.72,63,59.52360329
9/15/2012,Edge,15,1.99,m,27.49,74,23.81117367
9/20/2012,Edge,15,2.01,m,54.98,79,47.62234734
9/27/2012,Edge,15,1.98,m,15.9,86,13.77219576
10/7/2012,Edge,15,,m,9.9,96,8.575140754
10/11/2012,Edge,15,2,m,0,100,0
10/21/2012,Edge,15,0,m,0,110,0
7/3/2012,Edge,16,0.37,m,0,0,0
7/12/2012,Edge,16,0.66,m,7.85,9,5.078605163
7/16/2012,Edge,16,0.79,m,36.13,13,23.37452287
7/26/2012,Edge,16,1.45,m,154.57,23,100
8/2/2012,Edge,16,1.95,m,128.18,30,82.92682927
8/10/2012,Edge,16,2.75,m,124.41,38,80.48780488
8/21/2012,Edge,16,3.25,m,128.18,49,82.92682927
8/30/2012,Edge,16,3.96,m,116.87,58,75.6097561
9/4/2012,Edge,16,4.29,m,113.1,63,73.17073171
9/15/2012,Edge,16,4.83,m,109.33,74,70.73170732
9/20/2012,Edge,16,5.45,m,76.03,79,49.18807013
9/27/2012,Edge,16,6.1,m,67.54,86,43.69541308
10/7/2012,Edge,16,,m,52.35,96,33.86815035
10/11/2012,Edge,16,6.81,m,50.66,100,32.77479459
10/21/2012,Edge,16,6.75,m,47.12,110,30.4845701
11/1/2012,Edge,16,3.35,m,0,121,0
7/3/2012,Edge,17,0.54,m,16.49,0,9.112511052
7/12/2012,Edge,17,1.03,m,91.89,9,50.77917772
7/16/2012,Edge,17,1.28,m,162.11,13,89.58333333
7/26/2012,Edge,17,1.94,m,173.42,23,95.83333333
8/2/2012,Edge,17,2.67,m,180.96,30,100
8/10/2012,Edge,17,3.6,m,169.65,38,93.75
8/21/2012,Edge,17,4.2,m,158.34,49,87.5
8/30/2012,Edge,17,4.25,m,147.03,58,81.25
9/4/2012,Edge,17,4.77,m,131.95,63,72.91666667
9/15/2012,Edge,17,6.01,m,93.93,74,51.90649867
9/20/2012,Edge,17,6.78,m,84.9,79,46.91644562
9/27/2012,Edge,17,7.85,m,83.1,86,45.92175066
10/7/2012,Edge,17,,m,46.97,96,25.95601238
10/11/2012,Edge,17,7.22,m,46.97,100,25.95601238
10/21/2012,Edge,17,7.35,m,0,110,0
11/1/2012,Edge,17,0,m,0,121,0
7/3/2012,Edge,18,0.61,m,15.32,0,13.89317131
7/12/2012,Edge,18,1.1,m,70.69,9,64.10628457
7/16/2012,Edge,18,1.55,m,110.27,13,100
7/26/2012,Edge,18,2.17,m,107.21,23,97.2249932
8/2/2012,Edge,18,3.1,m,76.58,30,69.44771924
8/10/2012,Edge,18,3.9,m,73.51,38,66.66364378
8/21/2012,Edge,18,4.72,m,70.45,49,63.88863698
8/30/2012,Edge,18,5.08,m,70.45,58,63.88863698
9/4/2012,Edge,18,5.54,m,67.39,63,61.11363018
9/15/2012,Edge,18,7.02,m,64.32,74,58.32955473
9/20/2012,Edge,18,7.76,m,67.39,79,61.11363018
9/27/2012,Edge,18,8.51,m,67.39,86,61.11363018
10/7/2012,Edge,18,,m,62.67,96,56.83322753
10/11/2012,Edge,18,9.87,m,54.43,100,49.3606602
10/21/2012,Edge,18,9.76,m,0,110,0
11/1/2012,Edge,18,0,m,0,121,0
7/3/2012,Edge,19,0.41,m,0,0,0
7/12/2012,Edge,19,0.63,m,32.99,9,45.75589459
7/16/2012,Edge,19,0.77,m,45.55,13,63.17614424
7/26/2012,Edge,19,0.79,m,72.1,23,100
8/2/2012,Edge,19,0.78,m,70.61,30,97.9334258
8/10/2012,Edge,19,0.75,m,50.58,38,70.15256588
8/21/2012,Edge,19,0.67,m,49.48,49,68.62690707
8/30/2012,Edge,19,0.76,m,52.78,58,73.2038835
9/4/2012,Edge,19,0.74,m,15.83,63,21.9556172
9/15/2012,Edge,19,0.63,m,7.85,74,10.88765603
9/20/2012,Edge,19,0,m,0,79,0
7/3/2012,Edge,20,0.63,m,14.14,0,8.1536155
7/12/2012,Edge,20,0.99,m,151.97,9,87.63118441
7/16/2012,Edge,20,1.35,m,173.42,13,100
7/26/2012,Edge,20,2.61,m,173.42,23,100
8/2/2012,Edge,20,3.38,m,162.11,30,93.47826087
8/10/2012,Edge,20,4.75,m,162.11,38,93.47826087
8/21/2012,Edge,20,5.69,m,94.25,49,54.34782609
8/30/2012,Edge,20,5.94,m,90.48,58,52.17391304
9/4/2012,Edge,20,6.61,m,90.48,63,52.17391304
9/15/2012,Edge,20,7.36,m,86.33,74,49.78087879
9/20/2012,Edge,20,9.15,m,84.82,79,48.9101603
9/27/2012,Edge,20,9.55,m,81.29,86,46.8746396
10/7/2012,Edge,20,,m,12.76,96,7.357859532
10/11/2012,Edge,20,9.41,m,4.95,100,2.85434206
10/21/2012,Edge,20,,m,0,110,0
8/2/2012,Edge,2,2.25,t,0,30,0
8/10/2012,Edge,2,2.28,t,0,38,0
8/21/2012,Edge,2,4.1,t,387.99,49,100
8/30/2012,Edge,2,5.2,t,322.33,58,83.07688343
9/4/2012,Edge,2,5.4,t,328.3,63,84.61558288
9/15/2012,Edge,2,5.55,t,310.39,74,79.99948452
9/20/2012,Edge,2,5.74,t,274.58,79,70.7698652
9/27/2012,Edge,2,6,t,269.47,86,69.45282095
10/11/2012,Edge,2,0.55,t,0,100,0
10/21/2012,Edge,2,1.6,t,0,110,0
8/2/2012,Edge,3,4.51,t,0,30,0
8/10/2012,Edge,3,3.75,t,0.47,38,0.074990028
8/21/2012,Edge,3,6.03,t,554.18,49,88.42122058
8/30/2012,Edge,3,6.65,t,626.75,58,100
9/4/2012,Edge,3,6.64,t,614.97,63,98.1204627
9/15/2012,Edge,3,7.05,t,571.77,74,91.22776227
9/20/2012,Edge,3,2.19,t,0,79,0
9/27/2012,Edge,3,2.38,t,0,86,0
10/11/2012,Edge,3,1.66,t,0,100,0
10/21/2012,Edge,3,1.7,t,0,110,0
11/1/2012,Edge,3,0,t,0,121,0
8/2/2012,Edge,4,3,t,0,30,0
8/10/2012,Edge,4,3.83,t,0.48,38,0.077165456
8/21/2012,Edge,4,4.29,t,593.76,49,95.45366857
8/30/2012,Edge,4,6.45,t,622.04,58,100
9/4/2012,Edge,4,6.92,t,602.4,63,96.84264678
9/15/2012,Edge,4,8.04,t,565.49,74,90.90894476
9/20/2012,Edge,4,8.37,t,270.96,79,43.55989969
9/27/2012,Edge,4,5.25,t,0,86,0
10/11/2012,Edge,4,5.1,t,0,100,0
10/21/2012,Edge,4,5.1,t,0,110,0
11/1/2012,Edge,4,0,t,0,121,0
8/2/2012,Edge,5,3.84,t,0,30,0
8/10/2012,Edge,5,4.49,t,0.51,38,0.085441448
8/21/2012,Edge,5,5.98,t,482.55,49,80.84268722
8/30/2012,Edge,5,6.97,t,503.05,58,84.27709834
9/4/2012,Edge,5,6.04,t,471.24,63,78.94789747
9/15/2012,Edge,5,8.31,t,475.17,74,79.60629921
9/20/2012,Edge,5,8.1,t,596.9,79,100
9/27/2012,Edge,5,7.98,t,322.01,86,53.94705981
10/11/2012,Edge,5,9.15,t,219.91,100,36.84201709
10/21/2012,Edge,5,9,t,0,110,0
11/1/2012,Edge,5,0,t,0,121,0
8/2/2012,Edge,7,2.83,t,0,30,0
8/10/2012,Edge,7,3.69,t,0.46,38,0.118559757
8/21/2012,Edge,7,4.61,t,199.65,49,51.45751179
8/30/2012,Edge,7,5.65,t,387.99,58,100
9/4/2012,Edge,7,5.83,t,350.68,63,90.38377278
9/15/2012,Edge,7,6.22,t,380.53,74,98.07727003
9/20/2012,Edge,7,7.1,t,358.14,79,92.30650275
9/27/2012,Edge,7,7.75,t,336.5,86,86.72903941
10/11/2012,Edge,7,7.83,t,268.61,100,69.23116575
10/21/2012,Edge,7,7.65,t,141.37,110,36.4365061
11/1/2012,Edge,7,3.5,t,0,121,0
8/2/2012,Edge,9,2.64,t,0,30,0
8/10/2012,Edge,9,3.65,t,0.34,38,0.072331192
8/30/2012,Edge,9,5.11,t,380.53,58,80.9534953
9/4/2012,Edge,9,5.11,t,470.06,63,100
9/15/2012,Edge,9,6.35,t,384.73,74,81.84699826
9/27/2012,Edge,9,7.25,t,446.88,86,95.06871463
10/11/2012,Edge,9,7.57,t,408.41,100,86.88465302
10/21/2012,Edge,9,7,t,78.54,110,16.7085053
11/1/2012,Edge,9,7.1,t,0,121,0
8/2/2012,Edge,10,3.3,t,0,30,0
8/10/2012,Edge,10,4.03,t,0.44,38,0.095277279
8/21/2012,Edge,10,5.28,t,437.07,49,94.64281848
8/30/2012,Edge,10,6.12,t,461.81,58,100
9/4/2012,Edge,10,6.59,t,453.57,63,98.21571642
9/15/2012,Edge,10,9.25,t,395.84,74,85.7149044
9/20/2012,Edge,10,8.6,t,428.83,79,92.8585349
9/27/2012,Edge,10,8.14,t,412.33,86,89.28563695
10/11/2012,Edge,10,7.7,t,350.48,100,75.89268314
10/21/2012,Edge,10,7,t,100.53,110,21.76869275
11/1/2012,Edge,10,0,t,0,121,0
8/2/2012,Edge,11,2.86,t,0,30,0
8/10/2012,Edge,11,3.64,t,0.55,38,0.104989883
8/21/2012,Edge,11,4.4,t,496.76,49,94.82686214
8/30/2012,Edge,11,5.4,t,523.86,58,100
9/4/2012,Edge,11,6.92,t,505.8,63,96.55251403
9/15/2012,Edge,11,5.95,t,487.73,74,93.10311915
9/20/2012,Edge,11,7.56,t,514.83,79,98.27625702
9/27/2012,Edge,11,8.12,t,451.6,86,86.20623831
10/11/2012,Edge,11,5.06,t,198.16,100,37.82690032
10/21/2012,Edge,11,7.5,t,0,110,0
11/1/2012,Edge,11,5.3,t,0,121,0
8/2/2012,Edge,12,3.42,t,0.33,30,0.091223221
8/10/2012,Edge,12,4.42,t,0.55,38,0.152038701
8/21/2012,Edge,12,5.78,t,303.95,49,84.02211472
8/30/2012,Edge,12,6.8,t,361.75,58,100
9/4/2012,Edge,12,7,t,339.61,63,93.87975121
9/15/2012,Edge,12,7.54,t,346.36,74,95.74568072
9/20/2012,Edge,12,7.75,t,328.3,79,90.75328265
9/27/2012,Edge,12,8.07,t,335.76,86,92.8154803
10/11/2012,Edge,12,7.72,t,274.26,100,75.81478922
10/21/2012,Edge,12,7.64,t,144.51,110,39.94747754
11/1/2012,Edge,12,8.05,t,94.25,121,26.05390463
8/2/2012,Edge,13,2.69,t,0,30,0
8/10/2012,Edge,13,3.45,t,0.46,38,0.132583946
8/21/2012,Edge,13,3.95,t,331.75,49,95.61896527
8/30/2012,Edge,13,4.77,t,328.77,58,94.76005188
9/4/2012,Edge,13,5.35,t,276.07,63,79.57054331
9/15/2012,Edge,13,6.05,t,323.27,74,93.17480905
9/20/2012,Edge,13,6.71,t,346.95,79,100
9/27/2012,Edge,13,6.99,t,320.84,86,92.47441995
10/11/2012,Edge,13,7.77,t,253.68,100,73.11716386
10/21/2012,Edge,13,7.84,t,109.96,110,31.69332757
11/1/2012,Edge,13,8.05,t,0,121,0
8/2/2012,Edge,14,1.47,t,0,30,0
8/10/2012,Edge,14,2.05,t,0,38,0
8/21/2012,Edge,14,2.78,t,0,49,0
8/30/2012,Edge,14,3.13,t,2.29,58,0.483530405
9/4/2012,Edge,14,3.43,t,25.13,63,5.306165541
9/15/2012,Edge,14,3.97,t,162.34,74,34.27787162
9/20/2012,Edge,14,4.45,t,440.61,79,93.03420608
9/27/2012,Edge,14,5.1,t,452.39,86,95.52153716
10/11/2012,Edge,14,6.67,t,455.22,100,96.11908784
10/21/2012,Edge,14,7.95,t,473.6,110,100
11/1/2012,Edge,14,8.1,t,424.12,121,89.55236487
8/2/2012,Edge,16,1.95,t,0,30,0
8/10/2012,Edge,16,2.75,t,0,38,0
8/21/2012,Edge,16,3.25,t,0.16,49,0.040703147
8/30/2012,Edge,16,3.96,t,14.29,58,3.635299804
9/4/2012,Edge,16,4.29,t,73.51,63,18.70055204
9/15/2012,Edge,16,4.83,t,334.89,74,85.19423033
9/20/2012,Edge,16,5.45,t,393.09,79,100
9/27/2012,Edge,16,6.1,t,367.17,86,93.40609021
10/11/2012,Edge,16,6.81,t,353,100,89.80131776
10/21/2012,Edge,16,6.75,t,346.36,110,88.11213717
11/1/2012,Edge,16,3.35,t,0,121,0
8/2/2012,Edge,17,2.67,t,0,30,0
8/10/2012,Edge,17,3.6,t,0,38,0
8/21/2012,Edge,17,4.2,t,53.13,49,11.49278591
8/30/2012,Edge,17,4.25,t,453.02,58,97.99476519
9/4/2012,Edge,17,4.77,t,462.29,63,100
9/15/2012,Edge,17,6.01,t,449.25,74,97.17925977
9/20/2012,Edge,17,6.78,t,392.07,79,84.8104004
9/27/2012,Edge,17,7.85,t,424.12,86,91.74327803
10/11/2012,Edge,17,7.22,t,330.81,100,71.55897813
10/21/2012,Edge,17,7.35,t,0,110,0
11/1/2012,Edge,17,0,t,0,121,0
8/2/2012,Edge,18,3.1,t,0,30,0
8/10/2012,Edge,18,3.9,t,0,38,0
8/21/2012,Edge,18,4.72,t,155.04,49,40.05787516
8/30/2012,Edge,18,5.08,t,364.74,58,94.23832162
9/4/2012,Edge,18,5.54,t,387.04,63,100
9/15/2012,Edge,18,7.02,t,353.82,74,91.41690781
9/20/2012,Edge,18,7.76,t,353.82,79,91.41690781
9/27/2012,Edge,18,8.51,t,340.47,86,87.96765192
10/11/2012,Edge,18,9.87,t,313.77,100,81.06914014
10/21/2012,Edge,18,9.76,t,160.22,110,41.39623812
11/1/2012,Edge,18,0,t,0,121,0
8/2/2012,Edge,20,3.38,t,0,30,0
8/10/2012,Edge,20,4.75,t,0,38,0
8/21/2012,Edge,20,5.69,t,449.25,49,89.93813938
8/30/2012,Edge,20,5.94,t,499.51,58,100
9/4/2012,Edge,20,6.61,t,482.86,63,96.6667334
9/15/2012,Edge,20,7.36,t,424.51,74,84.98528558
9/20/2012,Edge,20,9.15,t,419.99,79,84.08039879
9/27/2012,Edge,20,9.55,t,431.97,86,86.47874917
10/11/2012,Edge,20,9.41,t,267.82,100,53.61654421
7/3/2012,Inside,22,0.72,b,9.5,0,77.55102041
7/12/2012,Inside,22,1.32,b,12.25,9,100
7/16/2012,Inside,22,1.56,b,12.25,13,100
7/26/2012,Inside,22,2.8,b,12.25,23,100
8/2/2012,Inside,22,3.32,b,11.31,30,92.32653061
8/10/2012,Inside,22,4.8,b,10.37,38,84.65306122
8/21/2012,Inside,22,4.85,b,9.42,49,76.89795918
8/30/2012,Inside,22,5.8,b,9.42,58,76.89795918
9/4/2012,Inside,22,6.05,b,6.6,63,53.87755102
9/15/2012,Inside,22,6.85,b,7.07,74,57.71428571
9/20/2012,Inside,22,7.53,b,0,79,0
9/27/2012,Inside,22,7.7,b,0,86,0
10/21/2012,Inside,22,7.7,b,0,110,0
11/1/2012,Inside,22,0,b,0,121,0
7/3/2012,Inside,23,0.59,b,21.36,0,62.95313882
7/12/2012,Inside,23,0.84,b,28.27,9,83.31859711
7/16/2012,Inside,23,0.86,b,33.93,13,100
7/26/2012,Inside,23,1.52,b,29.03,23,85.5585028
8/2/2012,Inside,23,1.97,b,24.5,30,72.207486
8/10/2012,Inside,23,2.4,b,22.62,38,66.66666667
8/21/2012,Inside,23,3.42,b,22.62,49,66.66666667
8/30/2012,Inside,23,3.45,b,18.85,58,55.55555556
9/4/2012,Inside,23,3.77,b,14.89,63,43.88446802
9/15/2012,Inside,23,4.42,b,15.08,74,44.44444444
9/20/2012,Inside,23,4.31,b,3.77,79,11.11111111
9/27/2012,Inside,23,4.8,b,11.31,86,33.33333333
10/7/2012,Inside,23,5.1,b,7.85,96,23.13586796
10/11/2012,Inside,23,6,b,2.36,100,6.955496611
10/21/2012,Inside,23,6.1,b,0.79,110,2.328323018
11/1/2012,Inside,23,6.1,b,0,121,0
11/20/2012,Inside,23,0,b,0,140,0
7/3/2012,Inside,24,0.42,b,16.49,0,100
7/12/2012,Inside,24,0.74,b,15.32,9,92.90479078
7/16/2012,Inside,24,0.67,b,15.32,13,92.90479078
7/26/2012,Inside,24,1.2,b,13.27,23,80.47301395
8/2/2012,Inside,24,1.57,b,11.23,30,68.10187993
8/10/2012,Inside,24,2.13,b,11.23,38,68.10187993
8/21/2012,Inside,24,2.73,b,11.23,49,68.10187993
8/30/2012,Inside,24,3.41,b,11.23,58,68.10187993
9/4/2012,Inside,24,3.65,b,8.17,63,49.5451789
9/20/2012,Inside,24,4.92,b,6.13,79,37.17404488
9/27/2012,Inside,24,6.05,b,4.32,86,26.19769557
10/7/2012,Inside,24,6.13,b,2.36,96,14.31170406
10/11/2012,Inside,24,6.22,b,2.36,100,14.31170406
10/21/2012,Inside,24,6.25,b,0,110,0
11/1/2012,Inside,24,2,b,0,121,0
11/20/2012,Inside,24,0,b,0,140,0
7/3/2012,Inside,25,0.45,b,16.49,0,100
7/12/2012,Inside,25,0.92,b,16.34,9,99.09035779
7/16/2012,Inside,25,1.17,b,15.32,13,92.90479078
7/26/2012,Inside,25,1.64,b,10.01,23,60.70345664
8/2/2012,Inside,25,1.92,b,6.33,30,38.38690115
8/10/2012,Inside,25,2.34,b,6.33,38,38.38690115
8/21/2012,Inside,25,3.12,b,6.33,49,38.38690115
9/4/2012,Inside,25,3.8,b,6.13,63,37.17404488
9/20/2012,Inside,25,4.51,b,4.59,79,27.83505155
9/27/2012,Inside,25,5.3,b,2.75,86,16.6767738
10/7/2012,Inside,25,5.32,b,0.02,96,0.121285628
10/11/2012,Inside,25,5.34,b,0,100,0
10/21/2012,Inside,25,4.3,b,0,110,0
11/1/2012,Inside,25,0,b,0,121,0
7/3/2012,Inside,26,0.34,b,25.37,0,51.68058668
7/12/2012,Inside,26,0.57,b,31.42,9,64.00488898
7/16/2012,Inside,26,0.93,b,31.42,13,64.00488898
7/26/2012,Inside,26,0.85,b,39.27,23,79.99592585
8/2/2012,Inside,26,0.9,b,49.09,30,100
8/10/2012,Inside,26,1.16,b,41.23,38,83.98859238
8/21/2012,Inside,26,1.55,b,41.23,49,83.98859238
8/30/2012,Inside,26,2,b,43.2,58,88.00162966
9/4/2012,Inside,26,2.18,b,29.69,63,60.48074964
9/15/2012,Inside,26,2.85,b,20.92,74,42.61560399
9/20/2012,Inside,26,3.1,b,20.42,79,41.59706661
9/27/2012,Inside,26,5.39,b,18.85,86,38.39885924
10/11/2012,Inside,26,4.35,b,20.42,100,41.59706661
10/21/2012,Inside,26,4.6,b,0.79,110,1.609289061
11/1/2012,Inside,26,4.6,b,0,121,0
11/20/2012,Inside,26,0,b,0,140,0
7/3/2012,Inside,27,0.33,b,31.1,0,37.71068267
7/12/2012,Inside,27,0.69,b,34.56,9,41.90614769
7/16/2012,Inside,27,0.59,b,82.47,13,100
7/26/2012,Inside,27,1.34,b,36.29,23,44.0038802
8/2/2012,Inside,27,1.78,b,29.81,30,36.14647751
8/10/2012,Inside,27,2.26,b,26.78,38,32.47241421
8/21/2012,Inside,27,3.31,b,25.05,49,30.3746817
8/30/2012,Inside,27,3.79,b,24.19,58,29.33187826
9/4/2012,Inside,27,4.1,b,27.65,63,33.52734328
9/15/2012,Inside,27,4.94,b,25.92,74,31.42961077
9/20/2012,Inside,27,5.47,b,23.56,79,28.56796411
9/27/2012,Inside,27,6.4,b,23.56,86,28.56796411
10/11/2012,Inside,27,7.15,b,17.28,100,20.95307385
10/21/2012,Inside,27,7.5,b,4.71,110,5.711167697
11/1/2012,Inside,27,7.4,b,0,121,0
11/20/2012,Inside,27,0,b,0,140,0
7/3/2012,Inside,28,0.57,b,22.62,0,100
7/12/2012,Inside,28,1.13,b,13.19,9,58.311229
7/16/2012,Inside,28,1.33,b,15.08,13,66.66666667
7/26/2012,Inside,28,2.42,b,13.19,23,58.311229
8/2/2012,Inside,28,2.95,b,14.14,30,62.51105217
8/21/2012,Inside,28,4.41,b,9.42,49,41.64456233
8/30/2012,Inside,28,5.05,b,9.42,58,41.64456233
9/4/2012,Inside,28,5.22,b,5.65,63,24.97789567
9/15/2012,Inside,28,5.68,b,1.88,74,8.311229001
9/20/2012,Inside,28,6.05,b,1.88,79,8.311229001
9/27/2012,Inside,28,6.4,b,1.88,86,8.311229001
10/7/2012,Inside,28,6.09,b,1.88,96,8.311229001
10/11/2012,Inside,28,5.78,b,1.73,100,7.648099027
10/21/2012,Inside,28,0,b,0,110,0
7/3/2012,Inside,29,0.36,b,18.85,0,61.72233137
7/12/2012,Inside,29,0.61,b,25.13,9,82.28552718
7/16/2012,Inside,29,0.61,b,30.16,13,98.75573019
7/26/2012,Inside,29,1.32,b,30.54,23,100
8/2/2012,Inside,29,1.91,b,14.33,30,46.92206942
8/10/2012,Inside,29,2.3,b,15.08,38,49.3778651
8/21/2012,Inside,29,3.08,b,13.19,49,43.18925999
8/30/2012,Inside,29,3.46,b,13.82,58,45.25212836
9/4/2012,Inside,29,3.85,b,17.28,63,56.58153242
9/15/2012,Inside,29,4.95,b,12.96,74,42.43614931
9/20/2012,Inside,29,5.38,b,12.57,79,41.15913556
9/27/2012,Inside,29,5.57,b,13.03,86,42.66535691
10/7/2012,Inside,29,5.92,b,14.73,96,48.23182711
10/11/2012,Inside,29,6.31,b,13.3,100,43.54944335
10/21/2012,Inside,29,6.8,b,0,110,0
11/1/2012,Inside,29,0,b,0,121,0
7/3/2012,Inside,30,0.76,b,80.11,0,100
7/12/2012,Inside,30,1.27,b,45.16,9,56.37248783
7/16/2012,Inside,30,1.36,b,47.12,13,58.81912371
7/26/2012,Inside,30,2.5,b,47.12,23,58.81912371
8/2/2012,Inside,30,3,b,47.12,30,58.81912371
8/10/2012,Inside,30,4.7,b,52.39,38,65.39757833
8/21/2012,Inside,30,5.5,b,52.78,49,65.88440894
8/30/2012,Inside,30,6.85,b,54.98,58,68.63063288
9/4/2012,Inside,30,7.04,b,49.01,63,61.17837973
9/15/2012,Inside,30,8.2,b,31.67,74,39.53314193
9/20/2012,Inside,30,0,b,0,79,0
7/3/2012,Inside,31,0.57,b,7.07,0,34.62291871
7/12/2012,Inside,31,1,b,10.6,9,51.90989226
7/16/2012,Inside,31,1.25,b,7.85,13,38.44270323
7/26/2012,Inside,31,1.7,b,18.85,23,92.31145935
8/2/2012,Inside,31,2.2,b,20.42,30,100
8/10/2012,Inside,31,3.51,b,11.35,38,55.582762
8/21/2012,Inside,31,4.03,b,6.6,49,32.32125367
8/30/2012,Inside,31,4.55,b,7.07,58,34.62291871
9/4/2012,Inside,31,4.57,b,10.05,63,49.21645446
9/15/2012,Inside,31,5.44,b,9.35,74,45.7884427
9/20/2012,Inside,31,5.9,b,9.35,79,45.7884427
9/27/2012,Inside,31,5.49,b,9.08,86,44.4662096
10/7/2012,Inside,31,5.91,b,5.23,96,25.61214496
10/11/2012,Inside,31,6.33,b,3.53,100,17.28697356
10/21/2012,Inside,31,5.8,b,0,110,0
11/1/2012,Inside,31,6.2,b,0,121,0
11/20/2012,Inside,31,0,b,0,140,0
7/3/2012,Inside,32,1,b,20.03,0,78.95151754
7/12/2012,Inside,32,0.92,b,20.03,9,78.95151754
7/16/2012,Inside,32,1.07,b,20.03,13,78.95151754
7/26/2012,Inside,32,1.75,b,20.03,23,78.95151754
8/2/2012,Inside,32,2.18,b,22.62,30,89.1604257
8/10/2012,Inside,32,3,b,25.37,38,100
8/21/2012,Inside,32,3.29,b,24.03,49,94.71817107
8/30/2012,Inside,32,3.99,b,20.89,58,82.34134805
9/4/2012,Inside,32,4.11,b,24.03,63,94.71817107
9/15/2012,Inside,32,5.38,b,12.57,74,49.54670871
9/20/2012,Inside,32,7.1,b,4.4,79,17.34331888
9/27/2012,Inside,32,6,b,3.85,86,15.17540402
10/7/2012,Inside,32,6.58,b,3.52,96,13.8746551
10/11/2012,Inside,32,7.13,b,3.17,100,12.49507292
10/21/2012,Inside,32,6.2,b,0,110,0
11/1/2012,Inside,32,0,b,0,121,0
7/3/2012,Inside,33,0.56,b,31.1,0,54.38964673
7/12/2012,Inside,33,0.96,b,49.09,9,85.8516964
7/16/2012,Inside,33,1.2,b,47.12,13,82.40643582
7/26/2012,Inside,33,1.79,b,50.89,23,88.99965023
8/2/2012,Inside,33,2.45,b,47.12,30,82.40643582
8/10/2012,Inside,33,3.42,b,50.58,38,88.45750262
8/21/2012,Inside,33,4.54,b,57.18,49,100
8/30/2012,Inside,33,5.58,b,52.78,58,92.30500175
9/4/2012,Inside,33,5.22,b,41.78,63,73.06750612
9/15/2012,Inside,33,6.89,b,36.76,74,64.28821266
9/20/2012,Inside,33,6.76,b,31.42,79,54.94928297
9/27/2012,Inside,33,7.07,b,29.22,86,51.10178384
10/7/2012,Inside,33,7.81,b,33.08,96,57.85239594
10/11/2012,Inside,33,8.55,b,25.53,100,44.64847849
10/21/2012,Inside,33,6.5,b,14.14,110,24.7289262
11/1/2012,Inside,33,5.1,b,0,121,0
11/20/2012,Inside,33,0,b,0,140,0
7/3/2012,Inside,34,0.35,b,26.7,0,84.9777212
7/12/2012,Inside,34,0.73,b,31.42,9,100
7/16/2012,Inside,34,0.92,b,31.42,13,100
7/26/2012,Inside,34,1.53,b,29.85,23,95.00318269
8/2/2012,Inside,34,2.39,b,31.42,30,100
8/10/2012,Inside,34,3.25,b,23.56,38,74.98408657
8/21/2012,Inside,34,3.91,b,18.85,49,59.99363463
8/30/2012,Inside,34,4.66,b,13.35,58,42.4888606
9/4/2012,Inside,34,4.79,b,12.02,63,38.25588797
9/15/2012,Inside,34,6.65,b,12.72,74,40.4837683
9/20/2012,Inside,34,7.02,b,10.6,79,33.73647358
9/27/2012,Inside,34,6.9,b,12.98,86,41.31126671
10/7/2012,Inside,34,7.09,b,6.28,96,19.98726926
10/11/2012,Inside,34,7.28,b,4.71,100,14.99045194
10/21/2012,Inside,34,7.04,b,0,110,0
11/1/2012,Inside,34,0,b,0,121,0
7/3/2012,Inside,35,0.3,b,37.31,0,100
7/12/2012,Inside,35,0.72,b,23.88,9,64.0042884
7/16/2012,Inside,35,0.59,b,28.35,13,75.98499062
7/26/2012,Inside,35,1.28,b,26.86,23,71.99142321
8/2/2012,Inside,35,1.77,b,25.37,30,67.9978558
8/10/2012,Inside,35,2.52,b,23.88,38,64.0042884
8/21/2012,Inside,35,2.9,b,25.45,49,68.21227553
8/30/2012,Inside,35,3.82,b,19.79,58,53.04207987
9/4/2012,Inside,35,3.81,b,18.85,63,50.52264808
9/15/2012,Inside,35,5.46,b,7.66,74,20.53068882
9/20/2012,Inside,35,5.76,b,7.7,79,20.63789869
9/27/2012,Inside,35,5.74,b,10.6,86,28.41061378
10/7/2012,Inside,35,6.47,b,7.7,96,20.63789869
10/11/2012,Inside,35,7.21,b,1.96,100,5.253283302
10/21/2012,Inside,35,7.04,b,0,110,0
11/1/2012,Inside,35,7.3,b,0,121,0
11/20/2012,Inside,35,0,b,0,140,0
7/12/2012,Inside,36,0.87,b,39.27,9,74.40318302
7/16/2012,Inside,36,1.01,b,36.13,13,68.45395983
7/26/2012,Inside,36,1.38,b,52.78,23,100
8/2/2012,Inside,36,1.65,b,45.24,30,85.71428571
8/10/2012,Inside,36,2.65,b,43.2,38,81.8491853
8/21/2012,Inside,36,3.03,b,46.18,49,87.49526336
8/30/2012,Inside,36,3.81,b,45.24,58,85.71428571
9/4/2012,Inside,36,3.78,b,28.27,63,53.56195529
9/15/2012,Inside,36,5.48,b,30.16,74,57.14285714
9/20/2012,Inside,36,4.14,b,29.45,79,55.79765063
9/27/2012,Inside,36,5.51,b,28.65,86,54.28192497
10/7/2012,Inside,36,6.28,b,22.62,96,42.85714286
10/11/2012,Inside,36,7.06,b,19.23,100,36.4342554
10/21/2012,Inside,36,7.15,b,19.87,110,37.64683592
11/1/2012,Inside,36,7.2,b,15.55,121,29.46191739
11/20/2012,Inside,36,0,b,0,140,0
7/12/2012,Inside,39,0.85,b,27.1,9,91.27652408
7/16/2012,Inside,39,1.13,b,28.27,13,95.21724486
7/26/2012,Inside,39,1.67,b,29.69,23,100
8/2/2012,Inside,39,2.26,b,19.85,30,66.85752779
8/10/2012,Inside,39,2.9,b,16.49,38,55.54058606
8/21/2012,Inside,39,3.85,b,11.78,49,39.67665881
8/30/2012,Inside,39,4.45,b,10.6,58,35.70225665
9/4/2012,Inside,39,4.52,b,8.25,63,27.78713372
9/15/2012,Inside,39,5.51,b,7.07,74,23.81273156
9/20/2012,Inside,39,5.77,b,6.28,79,21.151903
9/27/2012,Inside,39,6.29,b,6.28,86,21.151903
10/7/2012,Inside,39,6.8,b,5.89,96,19.8383294
10/11/2012,Inside,39,7.31,b,5.65,100,19.02997642
10/21/2012,Inside,39,8.19,b,0,110,0
11/1/2012,Inside,39,0,b,0,121,0
7/12/2012,Inside,40,1.1,b,37.11,9,86.54384328
7/16/2012,Inside,40,1.45,b,31.42,13,73.27425373
7/26/2012,Inside,40,2.28,b,41.23,23,96.15205224
8/2/2012,Inside,40,2.99,b,42.88,30,100
8/10/2012,Inside,40,3.8,b,36.13,38,84.25839552
8/21/2012,Inside,40,4.56,b,39.27,49,91.58115672
8/30/2012,Inside,40,5.13,b,29.69,58,69.23973881
9/4/2012,Inside,40,5.58,b,29.37,63,68.49347015
9/15/2012,Inside,40,6.14,b,24.19,74,56.41324627
9/20/2012,Inside,40,6.06,b,15.55,79,36.26399254
9/27/2012,Inside,40,0,b,0,86,0
10/7/2012,Inside,40,0,b,0,96,0
7/3/2012,Inside,21,0.72,m,27.49,0,15.85168954
7/12/2012,Inside,21,1.38,m,155.51,9,89.67247146
7/16/2012,Inside,21,1.51,m,173.42,13,100
7/26/2012,Inside,21,2.98,m,161.85,23,93.32833583
8/2/2012,Inside,21,3.45,m,164.02,30,94.57963326
8/10/2012,Inside,21,3.94,m,77.75,38,44.83335255
9/4/2012,Inside,21,5.89,m,65.03,63,37.49855841
9/15/2012,Inside,21,6.26,m,49.48,74,28.5318879
9/27/2012,Inside,21,6.18,m,43.98,86,25.36039673
10/7/2012,Inside,21,,m,54.98,96,31.70337908
10/11/2012,Inside,21,6.66,m,65.97,100,38.04059509
10/21/2012,Inside,21,6.4,m,0,110,0
11/1/2012,Inside,21,0,m,0,121,0
7/3/2012,Inside,22,0.72,m,32.52,0,39.81390793
7/12/2012,Inside,22,1.32,m,39.27,9,48.07786484
7/16/2012,Inside,22,1.56,m,81.68,13,100
7/26/2012,Inside,22,2.8,m,62.83,23,76.92213516
8/2/2012,Inside,22,3.32,m,62.83,30,76.92213516
8/10/2012,Inside,22,4.8,m,62.83,38,76.92213516
8/21/2012,Inside,22,4.85,m,65.97,49,80.76640549
8/30/2012,Inside,22,5.8,m,65.97,58,80.76640549
9/4/2012,Inside,22,6.05,m,65.97,63,80.76640549
9/15/2012,Inside,22,6.85,m,54.35,74,66.54015671
9/20/2012,Inside,22,7.53,m,25.92,79,31.73359452
9/27/2012,Inside,22,7.7,m,5.18,86,6.341821743
10/7/2012,Inside,22,,m,13.74,96,16.82174339
10/21/2012,Inside,22,7.7,m,4.71,110,5.766405485
11/1/2012,Inside,22,0,m,0,121,0
7/3/2012,Inside,23,0.59,m,0,0,0
7/12/2012,Inside,23,0.84,m,49.09,9,46.53521661
7/16/2012,Inside,23,0.86,m,75.56,13,71.62764243
7/26/2012,Inside,23,1.52,m,105.49,23,100
8/2/2012,Inside,23,1.97,m,102.97,30,97.61114798
8/10/2012,Inside,23,2.4,m,88.36,38,83.76149398
8/21/2012,Inside,23,3.42,m,84.82,49,80.40572566
8/30/2012,Inside,23,3.45,m,74.22,58,70.35737985
9/4/2012,Inside,23,3.77,m,74.22,63,70.35737985
9/15/2012,Inside,23,4.42,m,63.62,74,60.30903403
9/27/2012,Inside,23,4.8,m,60.08,86,56.95326571
10/11/2012,Inside,23,6,m,19.79,100,18.76007205
10/21/2012,Inside,23,6.1,m,1.57,110,1.488292729
11/1/2012,Inside,23,6.1,m,0,121,0
7/3/2012,Inside,24,0.42,m,9.5,0,8.399646331
7/12/2012,Inside,24,0.74,m,76.97,9,68.05481874
7/16/2012,Inside,24,0.67,m,103.67,13,91.6622458
7/26/2012,Inside,24,1.2,m,109.96,23,97.22369584
8/2/2012,Inside,24,1.57,m,113.1,30,100
8/10/2012,Inside,24,2.13,m,106.81,38,94.43854996
8/21/2012,Inside,24,2.73,m,100.53,49,88.88594165
8/30/2012,Inside,24,3.41,m,100.53,58,88.88594165
9/4/2012,Inside,24,3.65,m,100.53,63,88.88594165
9/15/2012,Inside,24,4.97,m,93.31,74,82.50221043
9/27/2012,Inside,24,6.05,m,31.42,86,27.78072502
10/7/2012,Inside,24,,m,14.92,96,13.19186561
10/11/2012,Inside,24,6.22,m,12.57,100,11.11405836
10/21/2012,Inside,24,6.25,m,0.79,110,0.698496905
11/1/2012,Inside,24,2,m,0,121,0
7/3/2012,Inside,26,0.34,m,4.24,0,3.954854958
7/12/2012,Inside,26,0.57,m,36.13,9,33.70021453
7/16/2012,Inside,26,0.93,m,75.16,13,70.10540062
7/26/2012,Inside,26,0.85,m,107.21,23,100
8/2/2012,Inside,26,0.9,m,85.22,30,79.48885365
8/10/2012,Inside,26,1.16,m,87.96,38,82.04458539
8/21/2012,Inside,26,1.55,m,85.45,49,79.70338588
8/30/2012,Inside,26,2,m,74.77,58,69.74162858
9/4/2012,Inside,26,2.18,m,68.72,63,64.09849827
9/15/2012,Inside,26,2.85,m,54.66,74,50.98405
9/20/2012,Inside,26,3.1,m,30.63,79,28.57009607
9/27/2012,Inside,26,5.39,m,28.27,86,26.36880888
10/7/2012,Inside,26,,m,23.56,96,21.97556198
10/11/2012,Inside,26,4.35,m,18.85,100,17.58231508
10/21/2012,Inside,26,4.6,m,11,110,10.26023692
11/1/2012,Inside,26,4.6,m,0,121,0
7/3/2012,Inside,27,0.33,m,0,0,0
7/16/2012,Inside,27,0.59,m,32.83,13,20.19313569
7/26/2012,Inside,27,1.34,m,116.87,23,71.88461065
8/2/2012,Inside,27,1.78,m,108.07,30,66.47189076
8/10/2012,Inside,27,2.26,m,162.58,38,100
8/21/2012,Inside,27,3.31,m,113.1,49,69.56575225
8/30/2012,Inside,27,3.79,m,56.55,58,34.78287612
9/4/2012,Inside,27,4.1,m,56.55,63,34.78287612
9/15/2012,Inside,27,4.94,m,45.95,74,28.26300898
9/20/2012,Inside,27,5.47,m,43.98,79,27.05129782
9/27/2012,Inside,27,6.4,m,47.12,86,28.98265469
10/7/2012,Inside,27,,m,42.41,96,26.08561939
10/11/2012,Inside,27,7.15,m,40.84,100,25.11994095
10/21/2012,Inside,27,7.5,m,43.2,110,26.57153401
11/1/2012,Inside,27,7.4,m,43.98,121,27.05129782
7/3/2012,Inside,28,0.57,m,5.5,0,4.446240905
7/12/2012,Inside,28,1.13,m,45.16,9,36.50767987
7/16/2012,Inside,28,1.33,m,87.18,13,70.47696039
7/26/2012,Inside,28,2.42,m,123.7,23,100
8/2/2012,Inside,28,2.95,m,106.03,30,85.71544058
8/10/2012,Inside,28,3.47,m,84.82,38,68.56911884
8/21/2012,Inside,28,4.41,m,58.75,49,47.49393694
8/30/2012,Inside,28,5.05,m,76.03,58,61.46321746
9/4/2012,Inside,28,5.22,m,54.04,63,43.68633791
9/15/2012,Inside,28,5.68,m,46.5,74,37.59094584
9/20/2012,Inside,28,6.05,m,40.84,79,33.01535974
9/27/2012,Inside,28,6.4,m,40.84,86,33.01535974
10/7/2012,Inside,28,,m,26.11,96,21.10751819
10/11/2012,Inside,28,5.78,m,15.71,100,12.70008084
10/21/2012,Inside,28,0,m,0,110,0
7/3/2012,Inside,29,0.36,m,0,0,0
7/12/2012,Inside,29,0.61,m,31.42,9,25.00397899
7/16/2012,Inside,29,0.61,m,85.22,13,67.81792138
7/26/2012,Inside,29,1.32,m,96.82,23,77.04918033
8/2/2012,Inside,29,1.91,m,96.51,30,76.80248289
8/10/2012,Inside,29,2.3,m,125.66,38,100
8/21/2012,Inside,29,3.08,m,51.05,49,40.62549737
8/30/2012,Inside,29,3.46,m,47.12,58,37.49801051
9/4/2012,Inside,29,3.85,m,54.98,63,43.75298424
9/15/2012,Inside,29,4.95,m,47.12,74,37.49801051
9/27/2012,Inside,29,5.57,m,43.9,86,34.93554035
10/7/2012,Inside,29,,m,23.56,96,18.74900525
10/11/2012,Inside,29,6.31,m,26.04,100,20.72258475
10/21/2012,Inside,29,6.8,m,21.99,110,17.4996021
11/1/2012,Inside,29,0,m,0,121,0
7/3/2012,Inside,30,0.76,m,27.49,0,13.71551165
7/12/2012,Inside,30,1.27,m,164.93,9,82.28808063
7/16/2012,Inside,30,1.36,m,190.07,13,94.83111311
7/26/2012,Inside,30,2.5,m,194.39,23,96.98647907
8/2/2012,Inside,30,3,m,198.71,30,99.14184503
8/10/2012,Inside,30,4.7,m,200.43,38,100
8/21/2012,Inside,30,5.5,m,195.88,49,97.72988076
8/30/2012,Inside,30,6.85,m,200.43,58,100
9/4/2012,Inside,30,7.04,m,186.77,63,93.184653
9/15/2012,Inside,30,8.2,m,186.77,74,93.184653
9/20/2012,Inside,30,0,m,0,79,0
7/3/2012,Inside,31,0.57,m,34.32,0,29.52512044
7/12/2012,Inside,31,1,m,54.98,9,47.29869236
7/16/2012,Inside,31,1.25,m,74.22,13,63.85065382
7/26/2012,Inside,31,1.7,m,116.24,23,100
8/2/2012,Inside,31,2.2,m,64.09,30,55.13592567
8/10/2012,Inside,31,3.51,m,80.82,38,69.5285616
8/21/2012,Inside,31,4.03,m,67.62,49,58.17274604
8/30/2012,Inside,31,4.55,m,56.55,58,48.64934618
9/4/2012,Inside,31,4.57,m,59.38,63,51.08396421
9/15/2012,Inside,31,5.44,m,65.97,74,56.7532691
9/20/2012,Inside,31,5.9,m,71.47,79,61.48485891
9/27/2012,Inside,31,5.49,m,53.05,86,45.63833448
10/11/2012,Inside,31,6.33,m,28.73,100,24.71610461
10/21/2012,Inside,31,5.8,m,0,110,0
11/1/2012,Inside,31,6.2,m,0,121,0
7/3/2012,Inside,32,1,m,0,0,0
7/12/2012,Inside,32,0.92,m,29.45,9,34.46459918
7/16/2012,Inside,32,1.07,m,70.69,13,82.72674078
7/26/2012,Inside,32,1.75,m,77.75,23,90.98888239
8/2/2012,Inside,32,2.18,m,82.78,30,96.87536571
8/10/2012,Inside,32,3,m,85.45,38,100
8/21/2012,Inside,32,3.29,m,77.44,49,90.62609713
8/30/2012,Inside,32,3.99,m,80.11,58,93.75073142
9/4/2012,Inside,32,4.11,m,69.98,63,81.89584552
9/15/2012,Inside,32,5.38,m,69.98,74,81.89584552
9/20/2012,Inside,32,7.1,m,59.61,79,69.76009362
9/27/2012,Inside,32,6,m,30.63,86,35.8455237
10/7/2012,Inside,32,,m,7.59,96,8.882387361
10/11/2012,Inside,32,7.13,m,0.79,100,0.924517262
10/21/2012,Inside,32,6.2,m,0,110,0
11/1/2012,Inside,32,0,m,0,121,0
7/3/2012,Inside,33,0.56,m,0,0,0
7/12/2012,Inside,33,0.96,m,11.78,9,6.613147701
7/16/2012,Inside,33,1.2,m,51.05,13,28.65884466
7/26/2012,Inside,33,1.79,m,162.73,23,91.35462864
8/2/2012,Inside,33,2.45,m,178.13,30,100
8/10/2012,Inside,33,3.42,m,149.85,38,84.12395442
8/21/2012,Inside,33,4.54,m,168.55,49,94.62190535
8/30/2012,Inside,33,5.58,m,171.53,58,96.29484085
9/4/2012,Inside,33,5.22,m,171.53,63,96.29484085
9/15/2012,Inside,33,6.89,m,151.83,74,85.23550216
9/20/2012,Inside,33,6.76,m,146.87,79,82.45101892
9/27/2012,Inside,33,7.07,m,129.75,86,72.84006063
10/7/2012,Inside,33,,m,90.71,96,50.92348285
10/11/2012,Inside,33,8.55,m,91.18,100,51.18733509
10/21/2012,Inside,33,6.5,m,18.85,110,10.5821591
11/1/2012,Inside,33,5.1,m,0,121,0
7/3/2012,Inside,34,0.35,m,0,0,0
7/12/2012,Inside,34,0.73,m,27.1,9,23.96109638
7/16/2012,Inside,34,0.92,m,89.54,13,79.1688771
7/26/2012,Inside,34,1.53,m,113.1,23,100
8/2/2012,Inside,34,2.39,m,95.9,30,84.79221928
8/10/2012,Inside,34,3.25,m,105.56,38,93.33333333
8/21/2012,Inside,34,3.91,m,102.26,49,90.41556145
8/30/2012,Inside,34,4.66,m,102.26,58,90.41556145
9/4/2012,Inside,34,4.79,m,108.86,63,96.25110522
9/15/2012,Inside,34,6.65,m,91.11,74,80.55702918
9/20/2012,Inside,34,7.02,m,43.43,79,38.39964633
9/27/2012,Inside,34,6.9,m,40.68,86,35.96816976
10/7/2012,Inside,34,,m,41.23,96,36.45446508
10/11/2012,Inside,34,7.28,m,38.48,100,34.02298851
10/21/2012,Inside,34,7.04,m,0,110,0
11/1/2012,Inside,34,0,m,0,121,0
7/3/2012,Inside,35,0.3,m,0,0,0
7/12/2012,Inside,35,0.72,m,36.13,9,68.96354266
7/16/2012,Inside,35,0.59,m,39.27,13,74.95705287
7/26/2012,Inside,35,1.28,m,52.39,23,100
8/2/2012,Inside,35,1.77,m,34.32,30,65.50868486
8/10/2012,Inside,35,2.52,m,31.1,38,59.36247376
8/21/2012,Inside,35,2.9,m,35.34,49,67.4556213
8/30/2012,Inside,35,3.82,m,31.61,58,60.33594197
9/4/2012,Inside,35,3.81,m,33.38,63,63.71444932
9/15/2012,Inside,35,5.46,m,31.42,74,59.97327734
9/20/2012,Inside,35,5.76,m,21.99,79,41.9736591
9/27/2012,Inside,35,5.74,m,7.54,86,14.39205955
10/7/2012,Inside,35,,m,6.91,96,13.18953999
10/11/2012,Inside,35,7.21,m,6.48,100,12.36877267
10/21/2012,Inside,35,7.04,m,0,110,0
11/1/2012,Inside,35,7.3,m,0,121,0
7/12/2012,Inside,36,0.87,m,65.97,9,89.74289212
7/16/2012,Inside,36,1.01,m,56.55,13,76.92830907
7/26/2012,Inside,36,1.38,m,73.51,23,100
8/2/2012,Inside,36,1.65,m,68.72,30,93.48387974
8/10/2012,Inside,36,2.65,m,71.63,38,97.44252483
8/21/2012,Inside,36,3.03,m,65.97,49,89.74289212
8/30/2012,Inside,36,3.81,m,58.32,58,79.33614474
9/4/2012,Inside,36,3.78,m,59.38,63,80.77812543
9/15/2012,Inside,36,5.48,m,46.73,74,63.56958237
9/20/2012,Inside,36,4.14,m,49.48,79,67.31056999
9/27/2012,Inside,36,5.51,m,45.8,86,62.30444837
10/7/2012,Inside,36,,m,43.83,96,59.62454088
10/11/2012,Inside,36,7.06,m,44.96,100,61.1617467
10/21/2012,Inside,36,7.15,m,39.58,110,53.84301456
11/1/2012,Inside,36,7.2,m,4.71,121,6.407291525
7/12/2012,Inside,39,0.85,m,0,9,0
7/16/2012,Inside,39,1.13,m,37.7,13,63.66092536
7/26/2012,Inside,39,1.67,m,54.98,23,92.84025667
8/2/2012,Inside,39,2.26,m,57.18,30,96.55521783
8/10/2012,Inside,39,2.9,m,59.22,38,100
8/21/2012,Inside,39,3.85,m,44.53,49,75.19419115
8/30/2012,Inside,39,4.45,m,47.28,58,79.8378926
9/4/2012,Inside,39,4.52,m,48.97,63,82.69165822
9/15/2012,Inside,39,5.51,m,40.68,74,68.69300912
9/20/2012,Inside,39,5.77,m,41,79,69.23336711
9/27/2012,Inside,39,6.29,m,9.39,86,15.85612969
10/7/2012,Inside,39,,m,0.63,96,1.063829787
10/21/2012,Inside,39,8.19,m,0,110,0
11/1/2012,Inside,39,0,m,0,121,0
7/12/2012,Inside,40,1.1,m,141.37,9,90.09049197
7/16/2012,Inside,40,1.45,m,149.23,13,95.09941371
7/26/2012,Inside,40,2.28,m,156.92,23,100
8/2/2012,Inside,40,2.99,m,135.72,30,86.48993118
8/10/2012,Inside,40,3.8,m,129.59,38,82.58348203
8/21/2012,Inside,40,4.56,m,124.41,49,79.28243691
8/30/2012,Inside,40,5.13,m,134.77,58,85.88452715
9/4/2012,Inside,40,5.58,m,116.55,63,74.27351517
9/15/2012,Inside,40,6.14,m,82.47,74,52.55544226
9/20/2012,Inside,40,6.06,m,62.91,79,40.09049197
9/27/2012,Inside,40,0,m,0,86,0
10/7/2012,Inside,40,0,m,0,96,0
8/2/2012,Inside,21,3.45,t,0,30,0
8/10/2012,Inside,21,3.94,t,0.47,38,0.147141694
8/21/2012,Inside,21,4.57,t,180.17,49,56.40535971
8/30/2012,Inside,21,5.61,t,319.42,58,100
9/4/2012,Inside,21,5.89,t,215.12,63,67.34706656
9/15/2012,Inside,21,6.26,t,208.6,74,65.30586688
9/20/2012,Inside,21,6.28,t,195.56,79,61.22346754
9/27/2012,Inside,21,6.18,t,247.71,86,77.54993426
10/11/2012,Inside,21,6.66,t,157.08,100,49.17663265
10/21/2012,Inside,21,6.4,t,0,110,0
11/1/2012,Inside,21,0,t,0,121,0
8/2/2012,Inside,22,3.32,t,0,30,0
8/10/2012,Inside,22,4.8,t,0.4,38,0.141078546
8/21/2012,Inside,22,4.85,t,153.15,49,54.0154481
8/30/2012,Inside,22,5.8,t,275.67,58,97.22780658
9/4/2012,Inside,22,6.05,t,283.53,63,100
9/15/2012,Inside,22,6.85,t,268.61,74,94.73777025
9/20/2012,Inside,22,7.53,t,261.14,79,92.10312842
9/27/2012,Inside,22,7.7,t,254.47,86,89.75064367
10/11/2012,Inside,22,8.04,t,162.58,100,57.34137481
10/21/2012,Inside,22,7.7,t,0.79,110,0.278630127
11/1/2012,Inside,22,0,t,0,121,0
8/2/2012,Inside,23,1.97,t,0,30,0
8/10/2012,Inside,23,2.4,t,0,38,0
8/21/2012,Inside,23,3.42,t,0,49,0
8/30/2012,Inside,23,3.45,t,0,58,0
9/4/2012,Inside,23,3.77,t,0.32,63,0.062682416
9/15/2012,Inside,23,4.42,t,153.15,74,29.99941235
9/20/2012,Inside,23,4.31,t,431.97,79,84.61538462
9/27/2012,Inside,23,4.8,t,431.97,86,84.61538462
10/11/2012,Inside,23,6,t,431.97,100,84.61538462
10/21/2012,Inside,23,6.1,t,510.51,110,100
11/1/2012,Inside,23,6.1,t,307.88,121,60.30831913
8/2/2012,Inside,24,1.57,t,0,30,0
8/10/2012,Inside,24,2.13,t,0,38,0
8/21/2012,Inside,24,2.73,t,0,49,0
8/30/2012,Inside,24,3.41,t,0,58,0
9/4/2012,Inside,24,3.65,t,0,63,0
9/15/2012,Inside,24,4.97,t,545.38,74,97.11874065
9/20/2012,Inside,24,4.92,t,518.36,79,92.30714438
9/27/2012,Inside,24,6.05,t,561.56,86,100
10/11/2012,Inside,24,6.22,t,535.64,100,95.38428663
10/21/2012,Inside,24,6.25,t,259.18,110,46.15357219
11/1/2012,Inside,24,2,t,0,121,0
8/2/2012,Inside,25,1.92,t,0,30,0
8/10/2012,Inside,25,2.34,t,0,38,0
8/21/2012,Inside,25,3.12,t,0,49,0
8/30/2012,Inside,25,3.65,t,0,58,0
9/4/2012,Inside,25,3.8,t,0.33,63,0.133387227
9/15/2012,Inside,25,4.63,t,213.63,74,86.35004042
9/20/2012,Inside,25,4.51,t,215.12,79,86.95230396
9/27/2012,Inside,25,5.3,t,219.91,86,88.88843977
10/11/2012,Inside,25,5.34,t,247.4,100,100
10/21/2012,Inside,25,4.3,t,0,110,0
11/1/2012,Inside,25,0,t,0,121,0
8/2/2012,Inside,26,0.9,t,0,30,0
8/10/2012,Inside,26,1.16,t,0,38,0
8/21/2012,Inside,26,1.55,t,0,49,0
8/30/2012,Inside,26,2,t,0,58,0
9/4/2012,Inside,26,2.18,t,0,63,0
9/15/2012,Inside,26,2.85,t,226.19,74,48.81306919
9/20/2012,Inside,26,3.1,t,424.12,79,91.52747205
9/27/2012,Inside,26,5.39,t,463.38,86,100
10/11/2012,Inside,26,4.35,t,392.7,100,84.74686003
10/21/2012,Inside,26,4.6,t,282.74,110,61.016876
11/1/2012,Inside,26,4.6,t,200.28,121,43.22154603
8/2/2012,Inside,27,1.78,t,0,30,0
8/10/2012,Inside,27,2.26,t,0,38,0
8/21/2012,Inside,27,3.31,t,0,49,0
8/30/2012,Inside,27,3.79,t,0,58,0
9/4/2012,Inside,27,4.1,t,0.34,63,0.096200096
9/15/2012,Inside,27,4.94,t,240.33,74,67.99932094
9/27/2012,Inside,27,6.4,t,353.43,86,100
10/11/2012,Inside,27,7.15,t,353.43,100,100
10/21/2012,Inside,27,7.5,t,353.43,110,100
11/1/2012,Inside,27,7.4,t,203.42,121,57.55595167
8/2/2012,Inside,28,2.95,t,0,30,0
8/10/2012,Inside,28,3.47,t,0.33,38,0.596852957
8/21/2012,Inside,28,4.41,t,1.57,49,2.83957316
8/30/2012,Inside,28,5.05,t,30.63,58,55.39880629
9/4/2012,Inside,28,5.22,t,40.21,63,72.7256285
9/15/2012,Inside,28,5.68,t,55.29,74,100
9/20/2012,Inside,28,6.05,t,37.7,79,68.18592874
9/27/2012,Inside,28,6.4,t,37.7,86,68.18592874
10/11/2012,Inside,28,5.78,t,0,100,0
10/21/2012,Inside,28,0,t,0,110,0
8/2/2012,Inside,29,1.91,t,0,30,0
8/10/2012,Inside,29,2.3,t,0,38,0
8/21/2012,Inside,29,3.08,t,0,49,0
8/30/2012,Inside,29,3.46,t,0,58,0
9/4/2012,Inside,29,3.85,t,0.35,63,0.154737168
9/15/2012,Inside,29,4.95,t,134.7,74,59.55170432
9/20/2012,Inside,29,5.38,t,226.19,79,100
9/27/2012,Inside,29,5.57,t,153.15,86,67.7085636
10/11/2012,Inside,29,6.31,t,139.09,100,61.49255051
10/21/2012,Inside,29,6.8,t,113.1,110,50.00221053
11/1/2012,Inside,29,0,t,0,121,0
8/2/2012,Inside,30,3,t,0,30,0
8/10/2012,Inside,30,4.7,t,0.52,38,0.107480209
8/21/2012,Inside,30,5.5,t,483.81,49,100
8/30/2012,Inside,30,6.85,t,369.14,58,76.29854695
9/4/2012,Inside,30,7.04,t,410.92,63,84.93416837
9/15/2012,Inside,30,8.2,t,375.73,74,77.66065191
9/20/2012,Inside,30,0,t,0,79,0
8/2/2012,Inside,31,2.2,t,0,30,0
8/10/2012,Inside,31,3.51,t,0.38,38,0.089474924
8/21/2012,Inside,31,4.03,t,139.49,49,32.84436073
8/30/2012,Inside,31,4.55,t,387.99,58,91.35625147
9/4/2012,Inside,31,4.57,t,408.41,63,96.16435131
9/15/2012,Inside,31,5.44,t,424.7,74,100
9/20/2012,Inside,31,5.9,t,353.43,79,83.21874264
9/27/2012,Inside,31,5.49,t,361.75,86,85.17777255
10/11/2012,Inside,31,6.33,t,308.54,100,72.64892866
10/21/2012,Inside,31,5.8,t,219.91,110,51.78008006
11/1/2012,Inside,31,6.2,t,0,121,0
8/2/2012,Inside,32,2.18,t,0,30,0
8/10/2012,Inside,32,3,t,0,38,0
8/21/2012,Inside,32,3.29,t,0,49,0
8/30/2012,Inside,32,3.99,t,32.83,58,13.50139826
9/4/2012,Inside,32,4.11,t,112,63,46.06020727
9/15/2012,Inside,32,5.38,t,243.16,74,100
9/20/2012,Inside,32,7.1,t,225.41,79,92.70027965
9/27/2012,Inside,32,6,t,243.16,86,100
10/11/2012,Inside,32,7.13,t,192.38,100,79.11663103
10/21/2012,Inside,32,6.2,t,66.92,110,27.52097384
11/1/2012,Inside,32,0,t,0,121,0
8/10/2012,Inside,33,3.42,t,0,38,0
8/21/2012,Inside,33,4.54,t,0,49,0
8/30/2012,Inside,33,5.58,t,69.12,58,17.71444681
9/4/2012,Inside,33,5.22,t,186.92,63,47.90486686
9/15/2012,Inside,33,6.89,t,380.13,74,97.42176888
9/20/2012,Inside,33,6.76,t,390.19,79,100
9/27/2012,Inside,33,7.07,t,296.41,86,75.96555524
10/11/2012,Inside,33,8.55,t,360.65,100,92.4293293
10/21/2012,Inside,33,6.5,t,233.26,110,59.78113227
11/1/2012,Inside,33,5.1,t,0,121,0
8/2/2012,Inside,34,2.39,t,0,30,0
8/10/2012,Inside,34,3.25,t,0.35,38,0.087379853
8/21/2012,Inside,34,3.91,t,27.49,49,6.863063288
8/30/2012,Inside,34,4.66,t,188.89,58,47.15765822
9/4/2012,Inside,34,4.79,t,332.38,63,82.98090126
9/15/2012,Inside,34,6.65,t,400.55,74,100
9/20/2012,Inside,34,7.02,t,350.68,79,87.54961927
9/27/2012,Inside,34,6.9,t,342.12,86,85.41255773
10/11/2012,Inside,34,7.28,t,200.18,100,49.97628261
10/21/2012,Inside,34,7.04,t,0,110,0
11/1/2012,Inside,34,0,t,0,121,0
8/2/2012,Inside,35,1.77,t,0,30,0
8/10/2012,Inside,35,2.52,t,0,38,0
8/21/2012,Inside,35,2.9,t,34.32,49,10.28191378
8/30/2012,Inside,35,3.82,t,156.92,58,47.01159412
9/4/2012,Inside,35,3.81,t,289.81,63,86.82405105
9/15/2012,Inside,35,5.46,t,307.09,74,92.00095869
9/20/2012,Inside,35,5.76,t,333.79,79,100
9/27/2012,Inside,35,5.74,t,286.83,86,85.93127415
10/11/2012,Inside,35,7.21,t,257.3,100,77.08439438
10/21/2012,Inside,35,7.04,t,50.27,110,15.0603673
11/1/2012,Inside,35,7.3,t,0,121,0
8/2/2012,Inside,36,1.65,t,0,30,0
8/10/2012,Inside,36,2.65,t,0,38,0
8/21/2012,Inside,36,3.03,t,3.14,49,0.888436183
8/30/2012,Inside,36,3.81,t,107.99,58,30.5548482
9/4/2012,Inside,36,3.78,t,214.41,63,60.66547831
9/15/2012,Inside,36,5.48,t,353.43,74,100
9/20/2012,Inside,36,4.14,t,280.31,79,79.31132049
9/27/2012,Inside,36,5.51,t,209.94,86,59.40072999
10/11/2012,Inside,36,7.06,t,211.12,100,59.73460091
10/21/2012,Inside,36,7.15,t,213.63,110,60.44478397
11/1/2012,Inside,36,7.2,t,213.63,121,60.44478397
8/2/2012,Inside,38,3.58,t,0,30,0
8/21/2012,Inside,38,4.76,t,123.11,49,59.71285832
8/30/2012,Inside,38,5.24,t,20.62,58,10.00145511
9/4/2012,Inside,38,5.66,t,200.28,63,97.14313431
9/15/2012,Inside,38,6.85,t,206.17,74,100
9/20/2012,Inside,38,6.82,t,188.5,79,91.42940292
9/27/2012,Inside,38,6.77,t,175.3,86,85.02691953
8/2/2012,Inside,39,2.26,t,0,30,0
8/10/2012,Inside,39,2.9,t,0,38,0
8/21/2012,Inside,39,3.85,t,0.35,49,0.120506817
8/30/2012,Inside,39,4.45,t,7.07,58,2.434237708
9/4/2012,Inside,39,4.52,t,18.38,63,6.328329431
9/15/2012,Inside,39,5.51,t,152.68,74,52.56851673
9/20/2012,Inside,39,5.77,t,283.73,79,97.68971216
9/27/2012,Inside,39,6.29,t,273.79,86,94.26731855
10/11/2012,Inside,39,7.31,t,290.44,100,100
10/21/2012,Inside,39,8.19,t,111.92,110,38.5346371
11/1/2012,Inside,39,0,t,0,121,0
8/2/2012,Inside,40,2.99,t,0,30,0
8/10/2012,Inside,40,3.8,t,0.41,38,0.08073409
8/21/2012,Inside,40,4.56,t,289.81,49,57.06718652
8/30/2012,Inside,40,5.13,t,507.84,58,100
9/4/2012,Inside,40,5.58,t,507.84,63,100
9/15/2012,Inside,40,6.14,t,498.26,74,98.11357908
9/20/2012,Inside,40,6.06,t,487.73,79,96.04009137
9/27/2012,Inside,40,0,t,0,86,0
